File,N,A1,A2,A3,A4
dataset/Random100.txt,1493,1.44e-05,7.3e-06,6e-07,4e-07
dataset/Random100.txt,2801,2.34e-05,1.18e-05,6e-07,4e-07
dataset/Random100.txt,3467,4.73e-05,2.37e-05,1.1e-06,7e-07
dataset/Random100.txt,3823,3.17e-05,1.6e-05,7e-07,4e-07
dataset/Random100.txt,4217,3.5e-05,1.75e-05,8e-07,4e-07
dataset/Random100.txt,10837,8.26e-05,4.3e-05,1.6e-06,8e-07
dataset/Random100.txt,12451,0.0001032,5.17e-05,1.2e-06,7e-07
dataset/Random100.txt,14281,0.0001183,5.93e-05,1.3e-06,7e-07
dataset/Random100.txt,18049,0.0002157,8.61e-05,2e-06,9e-07
dataset/Random100.txt,24019,0.0002289,0.0001145,1.8e-06,9e-07
dataset/Random100.txt,24043,0.0001992,9.97e-05,1.8e-06,9e-07
dataset/Random100.txt,25679,0.0001985,9.44e-05,1.5e-06,8e-07
dataset/Random100.txt,28289,0.0002434,0.0001202,1.8e-06,9e-07
dataset/Random100.txt,34259,0.0003268,0.0001657,2.3e-06,1.1e-06
dataset/Random100.txt,37013,0.0003182,0.0016273,4.5e-06,1.7e-06
dataset/Random100.txt,40253,0.0005476,0.0002739,3.2e-06,1.7e-06
dataset/Random100.txt,41843,0.0005693,0.0002848,3.3e-06,1.6e-06
dataset/Random100.txt,43499,0.0005776,0.0003673,4.3e-06,1.8e-06
dataset/Random100.txt,44753,0.0003279,0.0001639,1.8e-06,9e-07
dataset/Random100.txt,45127,0.000614,0.0003071,3.4e-06,1.8e-06
dataset/Random100.txt,47087,0.0004789,0.0010039,4.9e-06,3.8e-06
dataset/Random100.txt,64109,0.0006105,0.0003056,2.9e-06,1.5e-06
dataset/Random100.txt,65587,0.0005432,0.0002716,2.5e-06,1.3e-06
dataset/Random100.txt,67807,0.0005761,0.000284,2.5e-06,1.3e-06
dataset/Random100.txt,68531,0.0009254,0.0004543,7.1e-06,1.5e-06
dataset/Random100.txt,70241,0.0005981,0.0002909,2.6e-06,1.3e-06
dataset/Random100.txt,72551,0.0009703,0.0004475,4.1e-06,2e-06
dataset/Random100.txt,75553,0.0007793,0.0003887,3.4e-06,1.7e-06
dataset/Random100.txt,78653,0.001093,0.0005353,2.08e-05,2.5e-06
dataset/Random100.txt,85469,0.0011684,0.0004096,3.5e-06,1.5e-06
dataset/Random100.txt,88607,0.0007338,0.0003669,2.8e-06,1.4e-06
dataset/Random100.txt,90373,0.0007483,0.0003742,2.9e-06,1.4e-06
dataset/Random100.txt,91733,0.000672,0.0014838,6.4e-06,2.8e-06
dataset/Random100.txt,100169,0.0012327,0.0006473,5.8e-06,2.5e-06
dataset/Random100.txt,101159,0.0009634,0.0004818,3.5e-06,1.8e-06
dataset/Random100.txt,102023,0.0013412,0.0009412,6.9e-06,3.1e-06
dataset/Random100.txt,102587,0.0011628,0.0004888,4.5e-06,1.8e-06
dataset/Random100.txt,106121,0.0014448,0.000732,6.1e-06,2.3e-06
dataset/Random100.txt,107713,0.0014886,0.0006842,4.8e-06,2.5e-06
dataset/Random100.txt,109843,0.001046,0.0005231,3.6e-06,1.8e-06
dataset/Random100.txt,112163,0.0009362,0.0004854,3.8e-06,1.8e-06
dataset/Random100.txt,112601,0.0015319,0.0007661,5.3e-06,2.6e-06
dataset/Random100.txt,125063,0.0022577,0.0010001,6.9e-06,3.4e-06
dataset/Random100.txt,133241,0.0015861,0.0009064,5.9e-06,2.8e-06
dataset/Random100.txt,139537,0.0010083,0.0004584,3.3e-06,1.5e-06
dataset/Random100.txt,142019,0.0015911,0.0007955,4.8e-06,2.3e-06
dataset/Random100.txt,143833,0.0013127,0.0006851,4.3e-06,2.1e-06
dataset/Random100.txt,154493,0.003773,0.0010848,6.2e-06,2.7e-06
dataset/Random100.txt,155081,0.0011595,0.0005748,3.6e-06,1.8e-06
dataset/Random100.txt,156749,0.0017275,0.0006977,5.1e-06,1.9e-06
dataset/Random100.txt,159209,0.0025841,0.0010133,6e-06,2.6e-06
dataset/Random100.txt,160387,0.0015766,0.0006641,4.2e-06,1.9e-06
dataset/Random100.txt,169583,0.001957,0.0025642,8.9e-06,3.7e-06
dataset/Random100.txt,170207,0.0016207,0.0010494,6.9e-06,3.8e-06
dataset/Random100.txt,175949,0.0014569,0.0007286,4e-06,2e-06
dataset/Random100.txt,189151,0.0025875,0.0012867,6.9e-06,3.3e-06
dataset/Random100.txt,192121,0.0016977,0.0007038,4.1e-06,1.9e-06
dataset/Random100.txt,196993,0.0026689,0.0013379,7.8e-06,3.6e-06
dataset/Random100.txt,202841,0.0016796,0.0008399,4.2e-06,2.1e-06
dataset/Random100.txt,203767,0.0016115,0.0007933,4.6e-06,2e-06
dataset/Random100.txt,212897,0.0033178,0.0010246,6.2e-06,2.4e-06
dataset/Random100.txt,217219,0.0029361,0.0008102,5e-06,2e-06
dataset/Random100.txt,223969,0.0021328,0.0010666,5.2e-06,2.4e-06
dataset/Random100.txt,227593,0.0019698,0.0009582,5.5e-06,2.4e-06
dataset/Random100.txt,230003,0.0034751,0.0008515,5.3e-06,2.2e-06
dataset/Random100.txt,232451,0.0028988,0.001358,5.5e-06,2.6e-06
dataset/Random100.txt,233341,0.0022256,0.0011114,5.2e-06,2.6e-06
dataset/Random100.txt,241867,0.0043751,0.0013691,7.6e-06,3.2e-06
dataset/Random100.txt,251887,0.0024094,0.0011994,5.5e-06,2.7e-06
dataset/Random100.txt,255349,0.0033892,0.0011073,6.1e-06,2.4e-06
dataset/Random100.txt,263411,0.0021954,0.0010907,5e-06,2.4e-06
dataset/Random100.txt,269923,0.00271,0.001051,5.5e-06,2.2e-06
dataset/Random100.txt,273187,0.0035428,0.0017269,5.4e-06,2.2e-06
dataset/Random100.txt,277213,0.0023244,0.0011479,5.1e-06,2.4e-06
dataset/Random100.txt,287251,0.0036866,0.002087,8.1e-06,3.5e-06
dataset/Random100.txt,289987,0.0028465,0.0019484,6.3e-06,2.5e-06
dataset/Random100.txt,291191,0.0024112,0.0013048,8.6e-06,4.8e-06
dataset/Random100.txt,292133,0.0029823,0.0014012,6e-06,2.5e-06
dataset/Random100.txt,293861,0.0024333,0.0012167,5.1e-06,2.4e-06
dataset/Random100.txt,298817,0.0029062,0.0012936,5.4e-06,2.6e-06
dataset/Random100.txt,299053,0.004412,0.0012804,6.3e-06,2.3e-06
dataset/Random100.txt,314813,0.0028575,0.0015979,8.1e-06,3.2e-06
dataset/Random100.txt,319601,0.0050617,0.0020221,9.9e-06,4e-06
dataset/Random100.txt,323899,0.003751,0.0020519,9.7e-06,4.3e-06
dataset/Random100.txt,335821,0.0033965,0.0026417,1.09e-05,4.5e-06
dataset/Random100.txt,341281,0.0029544,0.0025543,1.27e-05,4.8e-06
dataset/Random100.txt,342143,0.0064084,0.0018602,8.3e-06,3.5e-06
dataset/Random100.txt,346079,0.0032955,0.0021593,7.5e-06,3.2e-06
dataset/Random100.txt,349927,0.004477,0.0016662,7.4e-06,3.1e-06
dataset/Random100.txt,356959,0.0031773,0.001478,6.2e-06,2.8e-06
dataset/Random100.txt,363967,0.0050992,0.0016426,6e-06,2.6e-06
dataset/Random100.txt,364997,0.0028828,0.0017482,6e-06,2.6e-06
dataset/Random100.txt,369637,0.0037485,0.00176,7.1e-06,3.1e-06
dataset/Random100.txt,370439,0.0036153,0.0044101,5.36e-05,1.76e-05
dataset/Random100.txt,372299,0.0045725,0.0017801,7.7e-06,3.3e-06
dataset/Random100.txt,373999,0.0031245,0.0015647,6.5e-06,3e-06
dataset/Random100.txt,378179,0.0037058,0.0018007,7.1e-06,3.3e-06
dataset/Random100.txt,378713,0.0050646,0.0026815,8.6e-06,4.6e-06
dataset/Random100.txt,383723,0.0052235,0.0026993,9.6e-06,4.5e-06
dataset/Random1000.txt,11,3e-07,2e-07,2e-07,3e-07
dataset/Random1000.txt,431,2.4e-06,1.2e-06,2e-07,1e-07
dataset/Random1000.txt,439,3.7e-06,1.8e-06,4e-07,2e-07
dataset/Random1000.txt,487,5e-06,2.5e-06,4e-07,3e-07
dataset/Random1000.txt,937,6.7e-06,3.4e-06,5e-07,3e-07
dataset/Random1000.txt,1051,1.34e-05,6.8e-06,7e-07,5e-07
dataset/Random1000.txt,1249,3.14e-05,1.54e-05,1.5e-06,8e-07
dataset/Random1000.txt,1583,2.03e-05,1.01e-05,8e-07,5e-07
dataset/Random1000.txt,1811,2.49e-05,1.25e-05,8e-07,6e-07
dataset/Random1000.txt,1847,1.18e-05,6e-06,4e-07,3e-07
dataset/Random1000.txt,1861,1.05e-05,5.2e-06,3e-07,2e-07
dataset/Random1000.txt,1931,1.37e-05,6.9e-06,4e-07,2e-07
dataset/Random1000.txt,2609,3.56e-05,1.8e-05,1.1e-06,6e-07
dataset/Random1000.txt,3181,2.44e-05,1.22e-05,7e-07,3e-07
dataset/Random1000.txt,3313,1.81e-05,9.1e-06,5e-07,3e-07
dataset/Random1000.txt,3571,1.95e-05,9.8e-06,5e-07,2e-07
dataset/Random1000.txt,4649,6.08e-05,2.93e-05,1e-06,8e-07
dataset/Random1000.txt,5167,2.82e-05,1.42e-05,6e-07,3e-07
dataset/Random1000.txt,5741,3.22e-05,1.61e-05,6e-07,3e-07
dataset/Random1000.txt,6101,4.02e-05,2.02e-05,6e-07,4e-07
dataset/Random1000.txt,6619,3.6e-05,1.81e-05,6e-07,3e-07
dataset/Random1000.txt,7211,3.92e-05,1.97e-05,6e-07,3e-07
dataset/Random1000.txt,7213,0.0001446,8.56e-05,2.8e-06,1.6e-06
dataset/Random1000.txt,7331,5.18e-05,2.61e-05,8e-07,5e-07
dataset/Random1000.txt,7499,4.77e-05,2.52e-05,8e-07,4e-07
dataset/Random1000.txt,7591,0.0001034,5.18e-05,1.5e-06,9e-07
dataset/Random1000.txt,8431,5.95e-05,2.98e-05,8e-07,4e-07
dataset/Random1000.txt,8623,4.69e-05,2.35e-05,6e-07,4e-07
dataset/Random1000.txt,9239,6.29e-05,3.95e-05,1e-06,5e-07
dataset/Random1000.txt,9497,5.66e-05,2.83e-05,7e-07,4e-07
dataset/Random1000.txt,9661,5.26e-05,2.63e-05,7e-07,4e-07
dataset/Random1000.txt,10091,0.0002561,6.88e-05,2.6e-06,1.1e-06
dataset/Random1000.txt,10939,5.95e-05,2.98e-05,7e-07,4e-07
dataset/Random1000.txt,11779,8.32e-05,4.16e-05,1.2e-06,6e-07
dataset/Random1000.txt,12101,8.23e-05,4.12e-05,1e-06,5e-07
dataset/Random1000.txt,12343,6.72e-05,3.36e-05,7e-07,4e-07
dataset/Random1000.txt,12347,6.73e-05,3.37e-05,8e-07,4e-07
dataset/Random1000.txt,12487,0.000119,5.96e-05,1.3e-06,7e-07
dataset/Random1000.txt,12569,0.0001597,8e-05,1.8e-06,9e-07
dataset/Random1000.txt,12919,8.88e-05,4.54e-05,1.1e-06,5e-07
dataset/Random1000.txt,13697,0.0001865,9.34e-05,2.1e-06,1.1e-06
dataset/Random1000.txt,13921,9.14e-05,4.58e-05,9e-07,5e-07
dataset/Random1000.txt,14369,0.0006459,0.0001709,5.5e-06,2.1e-06
dataset/Random1000.txt,14831,8.08e-05,4.04e-05,9e-07,4e-07
dataset/Random1000.txt,15173,0.0002066,0.0001034,2.1e-06,1.2e-06
dataset/Random1000.txt,15541,8.46e-05,4.24e-05,9e-07,4e-07
dataset/Random1000.txt,15889,0.000416,0.0001892,4.2e-06,2.2e-06
dataset/Random1000.txt,16477,8.97e-05,4.49e-05,8e-07,4e-07
dataset/Random1000.txt,16553,9.01e-05,4.51e-05,8e-07,4e-07
dataset/Random1000.txt,16741,0.0001213,5.71e-05,1.1e-06,5e-07
dataset/Random1000.txt,17293,0.0001318,6.6e-05,1.2e-06,6e-07
dataset/Random1000.txt,18401,0.0001252,6.27e-05,1.1e-06,6e-07
dataset/Random1000.txt,18773,0.0002557,0.0001281,2.3e-06,1.2e-06
dataset/Random1000.txt,19333,0.0002907,0.0001317,2.4e-06,1.3e-06
dataset/Random1000.txt,19373,0.0001054,5.28e-05,9e-07,5e-07
dataset/Random1000.txt,19973,0.0001312,6.56e-05,1.2e-06,6e-07
dataset/Random1000.txt,20483,0.0001346,6.74e-05,1.2e-06,7e-07
dataset/Random1000.txt,20857,0.0002839,0.0001421,2.4e-06,1.2e-06
dataset/Random1000.txt,20903,0.0002713,0.0001386,2.6e-06,1.5e-06
dataset/Random1000.txt,21247,0.000135,6.76e-05,1.1e-06,6e-07
dataset/Random1000.txt,21433,0.0002719,8.73e-05,1.2e-06,5e-07
dataset/Random1000.txt,21499,0.0001365,6.83e-05,1.1e-06,6e-07
dataset/Random1000.txt,21751,0.0001219,6.11e-05,1e-06,5e-07
dataset/Random1000.txt,21773,0.0001804,9.02e-05,1.5e-06,7e-07
dataset/Random1000.txt,22157,0.0002814,0.0001408,2.3e-06,1.2e-06
dataset/Random1000.txt,22619,0.0003079,0.0001542,2.5e-06,1.2e-06
dataset/Random1000.txt,22861,0.0001244,6.23e-05,1e-06,5e-07
dataset/Random1000.txt,23059,0.0001465,7.33e-05,1.2e-06,6e-07
dataset/Random1000.txt,23063,0.0001515,7.58e-05,1.2e-06,6e-07
dataset/Random1000.txt,23201,0.0001475,7.37e-05,1.2e-06,6e-07
dataset/Random1000.txt,24113,0.0002297,0.0001149,1.8e-06,1e-06
dataset/Random1000.txt,24137,0.0003285,0.0001644,2.6e-06,1.3e-06
dataset/Random1000.txt,24677,0.0001343,6.72e-05,1.1e-06,5e-07
dataset/Random1000.txt,24967,0.0001708,8.61e-05,1.4e-06,9e-07
dataset/Random1000.txt,25667,0.0002445,0.0001223,1.8e-06,1e-06
dataset/Random1000.txt,26203,0.0002627,0.0001315,2e-06,1.1e-06
dataset/Random1000.txt,26261,0.0003747,0.0001436,2.4e-06,1.1e-06
dataset/Random1000.txt,26417,0.000337,0.000177,2.6e-06,1.3e-06
dataset/Random1000.txt,26501,0.0001741,0.0001254,1.3e-06,7e-07
dataset/Random1000.txt,26573,0.0001947,9.74e-05,1.4e-06,8e-07
dataset/Random1000.txt,26687,0.0002211,0.0001106,1.7e-06,9e-07
dataset/Random1000.txt,26821,0.000146,7.3e-05,1.1e-06,6e-07
dataset/Random1000.txt,27059,0.0002169,9.25e-05,1.4e-06,8e-07
dataset/Random1000.txt,27211,0.0003703,0.0002873,4.9e-06,2.4e-06
dataset/Random1000.txt,27481,0.0004279,0.0001742,3.1e-06,8e-07
dataset/Random1000.txt,28019,0.0007693,0.0002546,4e-06,1.6e-06
dataset/Random1000.txt,29137,0.0002413,0.0001207,1.7e-06,8e-07
dataset/Random1000.txt,29201,0.000159,7.95e-05,1.2e-06,6e-07
dataset/Random1000.txt,29453,0.0001603,8.02e-05,1.1e-06,6e-07
dataset/Random1000.txt,29837,0.0001959,9.8e-05,1.4e-06,7e-07
dataset/Random1000.txt,30241,0.0003841,0.0001921,2.6e-06,1.4e-06
dataset/Random1000.txt,30637,0.0001667,8.35e-05,1.1e-06,6e-07
dataset/Random1000.txt,31147,0.0004347,0.0002143,3e-06,1.6e-06
dataset/Random1000.txt,31567,0.0001718,8.6e-05,1.2e-06,5e-07
dataset/Random1000.txt,31583,0.0002748,0.0002253,3.5e-06,9e-07
dataset/Random1000.txt,31657,0.0001723,0.0001173,1.2e-06,6e-07
dataset/Random1000.txt,32717,0.0005754,0.0002229,3.7e-06,2.5e-06
dataset/Random1000.txt,33301,0.0001812,9.07e-05,1.2e-06,6e-07
dataset/Random1000.txt,33911,0.0002936,0.0001469,1.9e-06,9e-07
dataset/Random1000.txt,34213,0.0002247,0.0001124,1.5e-06,8e-07
dataset/Random1000.txt,34259,0.0004663,0.0002332,3e-06,1.5e-06
dataset/Random1000.txt,34589,0.0001883,9.42e-05,1.2e-06,6e-07
dataset/Random1000.txt,34687,0.000472,0.0002361,3e-06,1.6e-06
dataset/Random1000.txt,34981,0.0005778,0.0002383,3.7e-06,1.7e-06
dataset/Random1000.txt,35107,0.0004663,0.000231,3.7e-06,1.7e-06
dataset/Random1000.txt,36067,0.0001963,9.83e-05,1.2e-06,6e-07
dataset/Random1000.txt,37277,0.0004177,0.000209,2.6e-06,1.3e-06
dataset/Random1000.txt,38047,0.0002687,0.0001296,1.8e-06,8e-07
dataset/Random1000.txt,38219,0.0005202,0.0002602,3.2e-06,1.7e-06
dataset/Random1000.txt,39293,0.0002673,0.0001337,1.6e-06,8e-07
dataset/Random1000.txt,39451,0.0002147,0.0001075,1.3e-06,6e-07
dataset/Random1000.txt,40697,0.0002215,0.000142,1.7e-06,9e-07
dataset/Random1000.txt,40751,0.0002869,0.0001339,1.6e-06,7e-07
dataset/Random1000.txt,41077,0.0006882,0.000422,3.9e-06,1.7e-06
dataset/Random1000.txt,41609,0.001131,0.0004951,6.3e-06,3.1e-06
dataset/Random1000.txt,41729,0.0003312,0.0001657,1.9e-06,9e-07
dataset/Random1000.txt,42071,0.0005178,0.0002864,3.3e-06,1.8e-06
dataset/Random1000.txt,42187,0.0005747,0.0003169,6.8e-06,3.3e-06
dataset/Random1000.txt,42451,0.0005327,0.0002014,2.8e-06,1.4e-06
dataset/Random1000.txt,42641,0.0002322,0.0001161,1.4e-06,7e-07
dataset/Random1000.txt,42863,0.0002502,0.0001167,1.4e-06,6e-07
dataset/Random1000.txt,42923,0.0005911,0.0002923,3.6e-06,1.7e-06
dataset/Random1000.txt,43159,0.0006057,0.0002952,3.4e-06,1.7e-06
dataset/Random1000.txt,43633,0.0002375,0.0001188,1.4e-06,6e-07
dataset/Random1000.txt,43801,0.0002691,0.0001348,1.5e-06,7e-07
dataset/Random1000.txt,43913,0.000246,0.0001416,1.9e-06,1.4e-06
dataset/Random1000.txt,44189,0.0003006,0.0001504,1.6e-06,8e-07
dataset/Random1000.txt,44263,0.0005622,0.0002983,3.3e-06,1.7e-06
dataset/Random1000.txt,44357,0.0002414,0.0001209,1.3e-06,6e-07
dataset/Random1000.txt,44633,0.0002979,0.0001791,2.7e-06,1.8e-06
dataset/Random1000.txt,45361,0.0002541,0.0001271,1.4e-06,7e-07
dataset/Random1000.txt,45389,0.0003759,0.000188,2.1e-06,1e-06
dataset/Random1000.txt,45569,0.00031,0.0001551,1.7e-06,9e-07
dataset/Random1000.txt,45667,0.0002485,0.0001243,1.4e-06,7e-07
dataset/Random1000.txt,45673,0.0005799,0.0002902,3.4e-06,1.6e-06
dataset/Random1000.txt,45827,0.0002567,0.0001284,1.4e-06,7e-07
dataset/Random1000.txt,45949,0.0002575,0.0001287,1.5e-06,7e-07
dataset/Random1000.txt,46027,0.0002505,0.0001252,1.4e-06,7e-07
dataset/Random1000.txt,46811,0.0002548,0.0001275,1.4e-06,7e-07
dataset/Random1000.txt,47287,0.0006639,0.0006048,8e-06,3.5e-06
dataset/Random1000.txt,47869,0.0002606,0.0001303,1.4e-06,7e-07
dataset/Random1000.txt,48221,0.0002625,0.0001313,1.4e-06,7e-07
dataset/Random1000.txt,48409,0.0009029,0.0003297,4.4e-06,2e-06
dataset/Random1000.txt,48497,0.0006508,0.000308,3.3e-06,1.6e-06
dataset/Random1000.txt,48751,0.000395,0.0001328,1.6e-06,8e-07
dataset/Random1000.txt,49043,0.0002669,0.0001336,1.4e-06,7e-07
dataset/Random1000.txt,49603,0.0005664,0.0002359,3.3e-06,1.1e-06
dataset/Random1000.txt,50129,0.0003303,0.0001656,1.7e-06,9e-07
dataset/Random1000.txt,50287,0.0003193,0.0001597,1.7e-06,9e-07
dataset/Random1000.txt,51157,0.000348,0.0001741,1.8e-06,9e-07
dataset/Random1000.txt,51241,0.0002788,0.0001395,1.5e-06,7e-07
dataset/Random1000.txt,51907,0.0007067,0.0003538,3.7e-06,1.8e-06
dataset/Random1000.txt,51977,0.0007072,0.0003537,4.2e-06,2e-06
dataset/Random1000.txt,52301,0.0002846,0.0001424,1.4e-06,7e-07
dataset/Random1000.txt,52369,0.0007126,0.0003563,3.7e-06,1.9e-06
dataset/Random1000.txt,52457,0.0007624,0.0003585,4.9e-06,1.9e-06
dataset/Random1000.txt,52567,0.0003928,0.0001862,2e-06,1e-06
dataset/Random1000.txt,54851,0.0003266,0.0001633,1.6e-06,8e-07
dataset/Random1000.txt,55103,0.0010016,0.0004784,5.6e-06,2e-06
dataset/Random1000.txt,55163,0.0003002,0.0001502,1.5e-06,7e-07
dataset/Random1000.txt,55609,0.0003026,0.0001514,1.5e-06,7e-07
dataset/Random1000.txt,55697,0.0004839,0.0001895,2.1e-06,1.1e-06
dataset/Random1000.txt,56039,0.0008204,0.0003814,4e-06,1.9e-06
dataset/Random1000.txt,56383,0.0004404,0.0001919,1.9e-06,1e-06
dataset/Random1000.txt,56393,0.0004882,0.0002442,2.4e-06,1.2e-06
dataset/Random1000.txt,56543,0.0003962,0.0002368,1.7e-06,8e-07
dataset/Random1000.txt,56611,0.0003599,0.00018,1.8e-06,9e-07
dataset/Random1000.txt,57047,0.0003104,0.0001553,1.5e-06,8e-07
dataset/Random1000.txt,57259,0.0003117,0.0001558,1.5e-06,8e-07
dataset/Random1000.txt,57947,0.0003246,0.0001624,1.6e-06,8e-07
dataset/Random1000.txt,58699,0.0003195,0.0001598,1.5e-06,7e-07
dataset/Random1000.txt,59053,0.0006617,0.0003346,3.2e-06,1.5e-06
dataset/Random1000.txt,59077,0.0003881,0.000194,1.9e-06,1e-06
dataset/Random1000.txt,59369,0.0012111,0.000404,5e-06,2.1e-06
dataset/Random1000.txt,59651,0.0006313,0.000316,3.1e-06,1.5e-06
dataset/Random1000.txt,59791,0.0003496,0.0001627,1.6e-06,8e-07
dataset/Random1000.txt,59951,0.0008157,0.000408,3.9e-06,2e-06
dataset/Random1000.txt,59999,0.0004082,0.0002042,1.9e-06,1e-06
dataset/Random1000.txt,61169,0.0007767,0.0007963,4.5e-06,2e-06
dataset/Random1000.txt,61631,0.0004033,0.00021,2.2e-06,1.1e-06
dataset/Random1000.txt,61949,0.0003371,0.0001686,1.5e-06,9e-07
dataset/Random1000.txt,62143,0.0003699,0.000185,1.8e-06,8e-07
dataset/Random1000.txt,62219,0.0006237,0.000312,2.9e-06,1.4e-06
dataset/Random1000.txt,62873,0.0006611,0.0002997,4.6e-06,1.9e-06
dataset/Random1000.txt,63067,0.0004004,0.0002002,1.9e-06,9e-07
dataset/Random1000.txt,63299,0.0014616,0.0004308,5.4e-06,2.2e-06
dataset/Random1000.txt,63533,0.0003457,0.0001729,1.6e-06,8e-07
dataset/Random1000.txt,64019,0.0003484,0.0001743,1.6e-06,8e-07
dataset/Random1000.txt,64451,0.0003509,0.0001755,1.6e-06,8e-07
dataset/Random1000.txt,66083,0.001486,0.0004573,5.5e-06,2.2e-06
dataset/Random1000.txt,66923,0.0004392,0.0001932,1.8e-06,9e-07
dataset/Random1000.txt,67043,0.0004561,0.0002281,2e-06,1e-06
dataset/Random1000.txt,67733,0.0003686,0.0001844,1.7e-06,8e-07
dataset/Random1000.txt,68449,0.0005668,0.0002835,2.5e-06,1.3e-06
dataset/Random1000.txt,68521,0.0017884,0.0008894,9.2e-06,4.5e-06
dataset/Random1000.txt,68633,0.0008024,0.0003198,2.8e-06,1.5e-06
dataset/Random1000.txt,69493,0.0009455,0.0004728,4.2e-06,2e-06
dataset/Random1000.txt,70001,0.0007842,0.0003923,3.5e-06,1.7e-06
dataset/Random1000.txt,70313,0.0003826,0.0001913,1.7e-06,8e-07
dataset/Random1000.txt,70537,0.0003838,0.000192,1.7e-06,8e-07
dataset/Random1000.txt,71059,0.0004667,0.0002334,2.1e-06,1e-06
dataset/Random1000.txt,71437,0.0005734,0.0001944,2e-06,1e-06
dataset/Random1000.txt,71917,0.0004681,0.0002141,1.8e-06,9e-07
dataset/Random1000.txt,72089,0.0025822,0.0007766,9.4e-06,3.6e-06
dataset/Random1000.txt,72167,0.0006594,0.0002645,2.8e-06,1.2e-06
dataset/Random1000.txt,72307,0.0009838,0.0004919,4.2e-06,2.1e-06
dataset/Random1000.txt,72379,0.0003939,0.000197,1.7e-06,9e-07
dataset/Random1000.txt,72551,0.0003949,0.0002296,2.3e-06,1.1e-06
dataset/Random1000.txt,72901,0.0004788,0.0002394,2.1e-06,1.1e-06
dataset/Random1000.txt,73121,0.0009973,0.0003805,3.9e-06,1.4e-06
dataset/Random1000.txt,73561,0.0009341,0.0004672,4.1e-06,2.1e-06
dataset/Random1000.txt,74561,0.0004582,0.0002292,1.9e-06,1e-06
dataset/Random1000.txt,75659,0.0006265,0.0003134,2.6e-06,1.4e-06
dataset/Random1000.txt,77323,0.0007751,0.0003876,3.3e-06,1.6e-06
dataset/Random1000.txt,77491,0.0004218,0.0002109,1.8e-06,9e-07
dataset/Random1000.txt,77719,0.000423,0.0002115,1.7e-06,8e-07
dataset/Random1000.txt,77893,0.0006694,0.0004149,8.6e-06,2.7e-06
dataset/Random1000.txt,78049,0.0005521,0.0002563,2.2e-06,1.1e-06
dataset/Random1000.txt,78791,0.0004288,0.0002144,1.8e-06,8e-07
dataset/Random1000.txt,78901,0.0005223,0.0002349,2.2e-06,1e-06
dataset/Random1000.txt,79153,0.000539,0.0002694,2.3e-06,1.2e-06
dataset/Random1000.txt,79967,0.0010985,0.0005723,4.7e-06,2.4e-06
dataset/Random1000.txt,80173,0.0004363,0.0002182,1.8e-06,9e-07
dataset/Random1000.txt,80209,0.0005471,0.0002603,2.3e-06,1.1e-06
dataset/Random1000.txt,80489,0.001096,0.0005513,5.4e-06,2.4e-06
dataset/Random1000.txt,81049,0.0009951,0.0004816,5.1e-06,2e-06
dataset/Random1000.txt,81343,0.0011067,0.0005534,4.5e-06,2.2e-06
dataset/Random1000.txt,81463,0.0005422,0.0002725,2.2e-06,1.1e-06
dataset/Random1000.txt,81533,0.0011138,0.0003884,4.2e-06,1.7e-06
dataset/Random1000.txt,81553,0.0005178,0.0002589,2.1e-06,1.1e-06
dataset/Random1000.txt,81569,0.0006755,0.0003377,2.8e-06,1.4e-06
dataset/Random1000.txt,81667,0.0007777,0.000389,3.2e-06,1.5e-06
dataset/Random1000.txt,81883,0.0017557,0.0010143,9.3e-06,3.8e-06
dataset/Random1000.txt,81971,0.0011598,0.0005579,4.8e-06,2.3e-06
dataset/Random1000.txt,82171,0.00104,0.000412,3.9e-06,1.7e-06
dataset/Random1000.txt,82189,0.0006008,0.0002238,2e-06,9e-07
dataset/Random1000.txt,82301,0.0030236,0.001001,1.06e-05,4.2e-06
dataset/Random1000.txt,83089,0.0021914,0.0010061,8.9e-06,3.9e-06
dataset/Random1000.txt,84389,0.0004592,0.0002297,1.9e-06,9e-07
dataset/Random1000.txt,85021,0.0011566,0.0008334,5.6e-06,2.5e-06
dataset/Random1000.txt,85717,0.0012967,0.0005543,5.4e-06,2.5e-06
dataset/Random1000.txt,86137,0.000743,0.0003568,3e-06,2.3e-06
dataset/Random1000.txt,86243,0.0008213,0.0004109,3.2e-06,1.6e-06
dataset/Random1000.txt,86753,0.0004721,0.0002361,1.9e-06,9e-07
dataset/Random1000.txt,86861,0.0007141,0.0002434,2.1e-06,9e-07
dataset/Random1000.txt,87107,0.0011044,0.0003376,3.3e-06,1.2e-06
dataset/Random1000.txt,87223,0.0011896,0.0005968,5e-06,2.3e-06
dataset/Random1000.txt,87313,0.0004751,0.0003049,1.9e-06,9e-07
dataset/Random1000.txt,88177,0.0012577,0.0006003,5.4e-06,2.4e-06
dataset/Random1000.txt,88223,0.0005216,0.0002471,1.9e-06,1e-06
dataset/Random1000.txt,88721,0.001207,0.0006037,4.7e-06,2.3e-06
dataset/Random1000.txt,89227,0.0004855,0.0002428,1.9e-06,9e-07
dataset/Random1000.txt,89237,0.001231,0.0006191,4.9e-06,2.4e-06
dataset/Random1000.txt,89591,0.0004875,0.0002439,1.9e-06,9e-07
dataset/Random1000.txt,89891,0.001223,0.0006118,4.7e-06,2.3e-06
dataset/Random1000.txt,90533,0.0006289,0.0003102,2.5e-06,1.2e-06
dataset/Random1000.txt,90619,0.0005077,0.0002665,1.9e-06,9e-07
dataset/Random1000.txt,90947,0.0007823,0.0003095,3e-06,1.2e-06
dataset/Random1000.txt,91283,0.0004967,0.0002484,1.9e-06,9e-07
dataset/Random1000.txt,92419,0.0023974,0.0011255,9.7e-06,4.4e-06
dataset/Random1000.txt,92569,0.0005186,0.0002593,2e-06,1e-06
dataset/Random1000.txt,92671,0.0006086,0.0003044,2.3e-06,1.1e-06
dataset/Random1000.txt,92723,0.0011773,0.0005889,4.5e-06,2.2e-06
dataset/Random1000.txt,93103,0.0005541,0.0002917,2.1e-06,1e-06
dataset/Random1000.txt,93113,0.0012721,0.0006335,4.9e-06,2.4e-06
dataset/Random1000.txt,93503,0.0005088,0.0003427,2.9e-06,1.3e-06
dataset/Random1000.txt,94007,0.0008953,0.0004477,3.4e-06,1.6e-06
dataset/Random1000.txt,94111,0.0012803,0.0006403,4.8e-06,2.3e-06
dataset/Random1000.txt,94433,0.0013586,0.0005338,6e-06,2.5e-06
dataset/Random1000.txt,94613,0.0010011,0.0005008,3.9e-06,1.9e-06
dataset/Random1000.txt,94651,0.000601,0.0003005,2.3e-06,1.2e-06
dataset/Random1000.txt,94933,0.0007448,0.0003853,3.4e-06,1.3e-06
dataset/Random1000.txt,95231,0.0012095,0.0006047,4.6e-06,2.3e-06
dataset/Random1000.txt,95257,0.0005183,0.0002593,2e-06,9e-07
dataset/Random1000.txt,95633,0.0005357,0.0002679,2e-06,1e-06
dataset/Random1000.txt,96769,0.0045642,0.0012534,6.4e-06,2.6e-06
dataset/Random1000.txt,97103,0.0009819,0.0004158,3.4e-06,1.5e-06
dataset/Random1000.txt,97397,0.0007547,0.0005653,4.2e-06,1.5e-06
dataset/Random1000.txt,97613,0.000715,0.0003577,2.7e-06,1.3e-06
dataset/Random1000.txt,98081,0.0013702,0.0007016,5.1e-06,2.5e-06
dataset/Random1000.txt,98873,0.0013651,0.0012893,8.8e-06,4.8e-06
dataset/Random1000.txt,98993,0.0015385,0.0006995,5.8e-06,2.6e-06
dataset/Random1000.txt,99257,0.0005401,0.0002702,1.9e-06,1e-06
dataset/Random1000.txt,99833,0.0005432,0.0002717,2e-06,1e-06
dataset/Random1000.txt,99877,0.0017111,0.0006344,5.8e-06,2.4e-06
dataset/Random1000.txt,101603,0.0012901,0.0006452,4.7e-06,2.4e-06
dataset/Random1000.txt,101839,0.0006928,0.0003464,2.5e-06,1.3e-06
dataset/Random1000.txt,101987,0.0006475,0.0003238,2.4e-06,1.2e-06
dataset/Random1000.txt,102337,0.002775,0.0004431,4.2e-06,1.6e-06
dataset/Random1000.txt,102793,0.0007127,0.0003553,2.4e-06,1.2e-06
dataset/Random1000.txt,103141,0.0012995,0.0006391,5.8e-06,2.6e-06
dataset/Random1000.txt,104021,0.0023169,0.0009183,9.4e-06,4.3e-06
dataset/Random1000.txt,104231,0.001056,0.0005224,3.8e-06,1.8e-06
dataset/Random1000.txt,104491,0.0005686,0.0002843,2e-06,1e-06
dataset/Random1000.txt,104707,0.0005698,0.000285,2e-06,1e-06
dataset/Random1000.txt,104849,0.0006887,0.0003444,2.4e-06,1.2e-06
dataset/Random1000.txt,105239,0.0008017,0.0004011,2.9e-06,1.5e-06
dataset/Random1000.txt,105437,0.0014344,0.0007173,5.1e-06,2.6e-06
dataset/Random1000.txt,105691,0.0014379,0.000719,5.2e-06,2.6e-06
dataset/Random1000.txt,106657,0.001451,0.0007256,5.2e-06,2.5e-06
dataset/Random1000.txt,106783,0.0005811,0.0002906,2.1e-06,1e-06
dataset/Random1000.txt,106979,0.0014572,0.0007372,5.5e-06,2.7e-06
dataset/Random1000.txt,107741,0.0005863,0.0002932,2e-06,1.1e-06
dataset/Random1000.txt,108007,0.0007094,0.0003547,2.5e-06,1.3e-06
dataset/Random1000.txt,108877,0.0006284,0.0003143,2.2e-06,1.1e-06
dataset/Random1000.txt,109037,0.0006922,0.0003462,2.5e-06,1.4e-06
dataset/Random1000.txt,109229,0.0007713,0.0003673,3e-06,1.2e-06
dataset/Random1000.txt,109321,0.0005949,0.0002975,2.1e-06,1e-06
dataset/Random1000.txt,109639,0.0005967,0.0002983,2.1e-06,1e-06
dataset/Random1000.txt,110321,0.0011058,0.000553,3.9e-06,2e-06
dataset/Random1000.txt,110477,0.0009149,0.0004575,3.2e-06,1.5e-06
dataset/Random1000.txt,110503,0.0008095,0.0004048,2.8e-06,1.3e-06
dataset/Random1000.txt,110821,0.000603,0.0003015,2.1e-06,1.1e-06
dataset/Random1000.txt,111187,0.0015126,0.0007565,5.3e-06,2.6e-06
dataset/Random1000.txt,111263,0.0007308,0.0004617,4.1e-06,1.6e-06
dataset/Random1000.txt,111773,0.0007604,0.0003802,2.6e-06,1.3e-06
dataset/Random1000.txt,113227,0.0020443,0.0007335,6.3e-06,2.6e-06
dataset/Random1000.txt,113417,0.0015808,0.0007715,5.5e-06,2.6e-06
dataset/Random1000.txt,113621,0.0008861,0.0003732,2.6e-06,1.4e-06
dataset/Random1000.txt,113717,0.001108,0.000407,3.9e-06,1.5e-06
dataset/Random1000.txt,113957,0.0010851,0.0005427,3.7e-06,1.8e-06
dataset/Random1000.txt,114229,0.0010557,0.0005727,4e-06,2e-06
dataset/Random1000.txt,114467,0.0006837,0.0003308,2.2e-06,1.1e-06
dataset/Random1000.txt,114941,0.0008221,0.0003665,2.5e-06,1.1e-06
dataset/Random1000.txt,115133,0.0006265,0.0003133,2.2e-06,1e-06
dataset/Random1000.txt,115931,0.0007987,0.0003854,2.7e-06,1.2e-06
dataset/Random1000.txt,117307,0.0015959,0.0007981,5.4e-06,2.6e-06
dataset/Random1000.txt,117319,0.0011906,0.0004049,3.2e-06,1.3e-06
dataset/Random1000.txt,118373,0.001503,0.0007516,5.1e-06,2.4e-06
dataset/Random1000.txt,118399,0.0012505,0.0004338,3.9e-06,1.5e-06
dataset/Random1000.txt,118589,0.0006453,0.0003227,2.2e-06,1.1e-06
dataset/Random1000.txt,118691,0.0016147,0.0008075,5.4e-06,2.6e-06
dataset/Random1000.txt,118747,0.0006462,0.0003232,2.2e-06,1.1e-06
dataset/Random1000.txt,119027,0.00165,0.0023929,1e-05,4e-06
dataset/Random1000.txt,119101,0.0015123,0.0007832,5.2e-06,2.5e-06
dataset/Random1000.txt,119689,0.0012575,0.0005792,4.2e-06,2e-06
dataset/Random1000.txt,119851,0.0015051,0.00077,6.9e-06,2.9e-06
dataset/Random1000.txt,120011,0.0006531,0.0003266,2.1e-06,1.1e-06
dataset/Random1000.txt,120157,0.0016585,0.0008174,5.4e-06,2.7e-06
dataset/Random1000.txt,120223,0.000712,0.0003272,2.2e-06,1.1e-06
dataset/Random1000.txt,120427,0.0015283,0.0007603,7.5e-06,2.4e-06
dataset/Random1000.txt,120851,0.0017211,0.0007674,5.6e-06,2.6e-06
dataset/Random1000.txt,121327,0.0009209,0.0004217,2.8e-06,1.3e-06
dataset/Random1000.txt,121687,0.0008277,0.0004139,2.8e-06,1.3e-06
dataset/Random1000.txt,122533,0.0006668,0.0004522,3.8e-06,1.7e-06
dataset/Random1000.txt,122557,0.001061,0.0005305,3.5e-06,1.8e-06
dataset/Random1000.txt,122753,0.0006679,0.0003341,2.2e-06,1e-06
dataset/Random1000.txt,122921,0.0007998,0.0003659,2.5e-06,1.2e-06
dataset/Random1000.txt,122963,0.001608,0.0006889,5.1e-06,2.3e-06
dataset/Random1000.txt,123007,0.0016827,0.0029162,1.04e-05,4.2e-06
dataset/Random1000.txt,123017,0.0008095,0.0003854,2.5e-06,1.2e-06
dataset/Random1000.txt,123377,0.0017221,0.0008809,5.8e-06,2.8e-06
dataset/Random1000.txt,123493,0.0012429,0.000791,7e-06,2.1e-06
dataset/Random1000.txt,123787,0.000974,0.0004798,3.5e-06,1.8e-06
dataset/Random1000.txt,123803,0.0006737,0.0003369,2.2e-06,1e-06
dataset/Random1000.txt,124429,0.0008171,0.0004086,2.7e-06,1.3e-06
dataset/Random1000.txt,124633,0.0016956,0.0008479,5.5e-06,2.8e-06
dataset/Random1000.txt,124909,0.0015886,0.0015632,1.22e-05,5.8e-06
dataset/Random1000.txt,125639,0.0043155,0.0013135,7.4e-06,3e-06
dataset/Random1000.txt,126107,0.0008006,0.0004004,2.6e-06,1.2e-06
dataset/Random1000.txt,127081,0.0016136,0.0021527,9.9e-06,5.3e-06
dataset/Random1000.txt,127643,0.0006947,0.0003474,2.2e-06,1.1e-06
dataset/Random1000.txt,128831,0.000766,0.0003506,2.3e-06,1.1e-06
dataset/Random1000.txt,128873,0.0011095,0.0009679,5.2e-06,3.5e-06
dataset/Random1000.txt,128983,0.0007018,0.0003511,2.2e-06,1.1e-06
dataset/Random1000.txt,129169,0.0025938,0.0015778,7.5e-06,3.4e-06
dataset/Random1000.txt,129499,0.0007047,0.0003524,2.2e-06,1.1e-06
dataset/Random1000.txt,129517,0.0012982,0.0006492,4.1e-06,2e-06
dataset/Random1000.txt,129631,0.0017635,0.0011731,6.8e-06,3e-06
dataset/Random1000.txt,130687,0.0017778,0.0008892,5.6e-06,2.7e-06
dataset/Random1000.txt,130699,0.0016595,0.0008299,5.3e-06,2.5e-06
dataset/Random1000.txt,131059,0.0007448,0.0003566,2.3e-06,1.1e-06
dataset/Random1000.txt,131627,0.0017906,0.0008954,5.7e-06,2.8e-06
dataset/Random1000.txt,131707,0.0007167,0.0003584,2.3e-06,1.1e-06
dataset/Random1000.txt,131899,0.0026565,0.0015684,1.06e-05,4.5e-06
dataset/Random1000.txt,132371,0.0007203,0.0003602,2.3e-06,1.1e-06
dataset/Random1000.txt,133271,0.0016501,0.0004534,3.4e-06,1.5e-06
dataset/Random1000.txt,133583,0.000727,0.0005916,3.9e-06,1.7e-06
dataset/Random1000.txt,133733,0.0007277,0.000364,2.2e-06,1.1e-06
dataset/Random1000.txt,133781,0.0007907,0.0003641,2.4e-06,1.1e-06
dataset/Random1000.txt,133963,0.0011044,0.0004707,3.6e-06,1.4e-06
dataset/Random1000.txt,134161,0.0014426,0.0004618,3.8e-06,1.6e-06
dataset/Random1000.txt,134291,0.0015127,0.0007598,4.7e-06,2.3e-06
dataset/Random1000.txt,134353,0.0082667,0.0010458,7.5e-06,3.1e-06
dataset/Random1000.txt,134837,0.0011107,0.0004288,3.1e-06,1.2e-06
dataset/Random1000.txt,135197,0.0018629,0.0009271,5.8e-06,3e-06
dataset/Random1000.txt,135467,0.0018429,0.0009221,5.9e-06,2.8e-06
dataset/Random1000.txt,135623,0.0018455,0.0009298,7e-06,2.9e-06
dataset/Random1000.txt,137477,0.0008404,0.0005547,2.6e-06,1.2e-06
dataset/Random1000.txt,137491,0.0008043,0.0003742,2.3e-06,1.1e-06
dataset/Random1000.txt,137633,0.0018723,0.0014163,6.8e-06,3e-06
dataset/Random1000.txt,137707,0.0007495,0.0003747,2.3e-06,1.2e-06
dataset/Random1000.txt,137911,0.0018761,0.0013082,6.9e-06,2.9e-06
dataset/Random1000.txt,137941,0.0019939,0.0007552,7.1e-06,1.8e-06
dataset/Random1000.txt,138197,0.0009574,0.0005677,3e-06,1.2e-06
dataset/Random1000.txt,138427,0.0018833,0.0009417,5.9e-06,2.8e-06
dataset/Random1000.txt,139021,0.0012198,0.0008671,4.5e-06,3.2e-06
dataset/Random1000.txt,139343,0.001022,0.0004315,2.6e-06,1.2e-06
dataset/Random1000.txt,139547,0.0009165,0.0004656,2.9e-06,1.3e-06
dataset/Random1000.txt,140381,0.0014537,0.0007037,4.5e-06,2.1e-06
dataset/Random1000.txt,140423,0.0009223,0.0004611,2.8e-06,1.4e-06
dataset/Random1000.txt,140629,0.0019132,0.0009567,5.8e-06,2.9e-06
dataset/Random1000.txt,140689,0.0008955,0.0004695,2.6e-06,1.2e-06
dataset/Random1000.txt,141311,0.0010351,0.0005176,3.2e-06,1.5e-06
dataset/Random1000.txt,141587,0.0007705,0.0003853,2.3e-06,1.1e-06
dataset/Random1000.txt,141851,0.0007718,0.000386,2.4e-06,1.1e-06
dataset/Random1000.txt,142031,0.0018368,0.0009018,5.5e-06,2.7e-06
dataset/Random1000.txt,142381,0.000856,0.0004419,2.4e-06,1.1e-06
dataset/Random1000.txt,142841,0.0009716,0.0004859,3e-06,1.4e-06
dataset/Random1000.txt,143141,0.0027457,0.0011175,7.5e-06,3.2e-06
dataset/Random1000.txt,143257,0.0007795,0.0003898,2.3e-06,1.2e-06
dataset/Random1000.txt,143617,0.0009575,0.0004413,2.8e-06,1.4e-06
dataset/Random1000.txt,143729,0.0009124,0.0004563,2.8e-06,1.4e-06
dataset/Random1000.txt,145709,0.000925,0.0004626,2.8e-06,1.3e-06
dataset/Random1000.txt,146021,0.0009033,0.0004346,2.7e-06,1.3e-06
dataset/Random1000.txt,146117,0.0009939,0.000497,3e-06,1.5e-06
dataset/Random1000.txt,147311,0.0008016,0.0004008,2.4e-06,1.2e-06
dataset/Random1000.txt,147629,0.0010125,0.0005074,3.2e-06,1.6e-06
dataset/Random1000.txt,148763,0.0024613,0.0008548,6.3e-06,2.6e-06
dataset/Random1000.txt,149173,0.0010804,0.0005987,3.1e-06,1.2e-06
dataset/Random1000.txt,149197,0.0010217,0.0005195,3.4e-06,1.5e-06
dataset/Random1000.txt,149411,0.000813,0.0004065,2.4e-06,1.2e-06
dataset/Random1000.txt,150083,0.0015044,0.0007523,4.5e-06,2.2e-06
dataset/Random1000.txt,150131,0.0009409,0.0004478,2.6e-06,1.3e-06
dataset/Random1000.txt,150473,0.0014241,0.000597,3.5e-06,1.7e-06
dataset/Random1000.txt,150833,0.0013057,0.0006529,3.9e-06,1.9e-06
dataset/Random1000.txt,150881,0.0009578,0.000479,2.9e-06,1.4e-06
dataset/Random1000.txt,150893,0.0021901,0.0007985,5.2e-06,2.4e-06
dataset/Random1000.txt,150919,0.0019163,0.0009582,5.6e-06,2.7e-06
dataset/Random1000.txt,151579,0.0011262,0.0005553,3.3e-06,1.6e-06
dataset/Random1000.txt,152197,0.0020706,0.0010353,6e-06,2.9e-06
dataset/Random1000.txt,152381,0.0015958,0.0005184,4e-06,1.6e-06
dataset/Random1000.txt,152443,0.0020738,0.001037,6.1e-06,2.9e-06
dataset/Random1000.txt,152599,0.0011214,0.0006035,3.9e-06,1.6e-06
dataset/Random1000.txt,155921,0.0008484,0.0004243,2.5e-06,1.2e-06
dataset/Random1000.txt,156041,0.0034454,0.0011719,7.7e-06,5.1e-06
dataset/Random1000.txt,156139,0.0008706,0.0004248,2.5e-06,1.2e-06
dataset/Random1000.txt,157057,0.0008547,0.0004273,2.5e-06,1.2e-06
dataset/Random1000.txt,158357,0.0009524,0.000431,2.5e-06,1.2e-06
dataset/Random1000.txt,158657,0.0021583,0.001568,1e-05,5.1e-06
dataset/Random1000.txt,158699,0.0011792,0.0005901,3.4e-06,1.6e-06
dataset/Random1000.txt,158749,0.0010519,0.0005279,3.1e-06,1.5e-06
dataset/Random1000.txt,158771,0.00216,0.0010803,6.2e-06,3e-06
dataset/Random1000.txt,159233,0.0021667,0.0045126,1.26e-05,7e-06
dataset/Random1000.txt,159491,0.000914,0.0004568,2.5e-06,1.2e-06
dataset/Random1000.txt,159569,0.0008683,0.0004342,2.5e-06,1.3e-06
dataset/Random1000.txt,159787,0.0008695,0.0004349,2.5e-06,1.1e-06
dataset/Random1000.txt,160033,0.0023638,0.0008188,7.8e-06,3.2e-06
dataset/Random1000.txt,160753,0.0040672,0.0017382,1.16e-05,6.4e-06
dataset/Random1000.txt,161881,0.0011602,0.0004717,4.1e-06,1.8e-06
dataset/Random1000.txt,161947,0.000995,0.0004975,2.9e-06,1.3e-06
dataset/Random1000.txt,162011,0.0008816,0.0004409,2.5e-06,1.2e-06
dataset/Random1000.txt,162493,0.0032925,0.001155,8e-06,3.2e-06
dataset/Random1000.txt,162641,0.0024016,0.0011704,7.2e-06,3.1e-06
dataset/Random1000.txt,163021,0.0018042,0.0008227,5.3e-06,2.4e-06
dataset/Random1000.txt,163393,0.0024246,0.0011369,7e-06,3.1e-06
dataset/Random1000.txt,166703,0.0011339,0.000567,3.2e-06,1.9e-06
dataset/Random1000.txt,167317,0.0016056,0.0008325,4.6e-06,2.2e-06
dataset/Random1000.txt,167449,0.0009112,0.0006581,4e-06,1.8e-06
dataset/Random1000.txt,167611,0.0014383,0.0008548,5.1e-06,2.2e-06
dataset/Random1000.txt,168143,0.006053,0.0012417,8e-06,3.2e-06
dataset/Random1000.txt,168851,0.0011452,0.0006186,3.5e-06,1.7e-06
dataset/Random1000.txt,169373,0.0023041,0.0011522,6.5e-06,3.1e-06
dataset/Random1000.txt,170921,0.0009301,0.0004651,2.5e-06,1.2e-06
dataset/Random1000.txt,171481,0.0025077,0.0011665,7.1e-06,3.1e-06
dataset/Random1000.txt,171671,0.0009616,0.000709,6.5e-06,2.9e-06
dataset/Random1000.txt,172219,0.0023431,0.0011716,6.4e-06,3.1e-06
dataset/Random1000.txt,172597,0.0011029,0.0004697,2.6e-06,1.3e-06
dataset/Random1000.txt,172829,0.0011023,0.0004858,2.7e-06,1.3e-06
dataset/Random1000.txt,172999,0.001253,0.000531,2.9e-06,1.3e-06
dataset/Random1000.txt,173081,0.0010731,0.0005152,2.8e-06,1.4e-06
dataset/Random1000.txt,173099,0.0012302,0.0005759,3.3e-06,1.5e-06
dataset/Random1000.txt,173543,0.0019321,0.0012662,7.2e-06,3.1e-06
dataset/Random1000.txt,173743,0.0009455,0.0004727,2.5e-06,1.3e-06
dataset/Random1000.txt,173779,0.0023642,0.0011821,6.5e-06,4.1e-06
dataset/Random1000.txt,173981,0.0012181,0.0005284,3e-06,1.3e-06
dataset/Random1000.txt,174061,0.0012235,0.000592,3.2e-06,1.5e-06
dataset/Random1000.txt,174169,0.0010106,0.000474,2.6e-06,1.3e-06
dataset/Random1000.txt,174259,0.0055105,0.0009221,6.4e-06,9.1e-06
dataset/Random1000.txt,175061,0.0037949,0.0016771,1e-05,4.9e-06
dataset/Random1000.txt,175699,0.0024485,0.0012679,7.2e-06,3.2e-06
dataset/Random1000.txt,176159,0.0009586,0.0005305,2.7e-06,1.3e-06
dataset/Random1000.txt,176503,0.0009604,0.0004802,2.7e-06,1.3e-06
dataset/Random1000.txt,177283,0.0024117,0.001206,6.6e-06,3.1e-06
dataset/Random1000.txt,177319,0.0009649,0.0004825,2.6e-06,1.2e-06
dataset/Random1000.txt,177347,0.0010555,0.0006906,3.3e-06,1.4e-06
dataset/Random1000.txt,177691,0.0009669,0.0004834,2.6e-06,1.3e-06
dataset/Random1000.txt,178231,0.0012203,0.0006063,3.3e-06,1.6e-06
dataset/Random1000.txt,179909,0.0013359,0.0006212,7.5e-06,2.6e-06
dataset/Random1000.txt,180883,0.0015129,0.000749,4.1e-06,1.9e-06
dataset/Random1000.txt,181199,0.0024651,0.0012326,6.6e-06,3.1e-06
dataset/Random1000.txt,181927,0.0014556,0.0008861,7.6e-06,2.8e-06
dataset/Random1000.txt,182309,0.0010437,0.0004961,2.7e-06,1.3e-06
dataset/Random1000.txt,182341,0.0013662,0.0006198,3.6e-06,1.5e-06
dataset/Random1000.txt,182561,0.00233,0.0012044,7.8e-06,3.3e-06
dataset/Random1000.txt,183343,0.0015928,0.0007592,4.4e-06,2.1e-06
dataset/Random1000.txt,183511,0.0012101,0.0006026,3.2e-06,1.6e-06
dataset/Random1000.txt,183523,0.0025406,0.0012958,6.8e-06,3.3e-06
dataset/Random1000.txt,183577,0.0022536,0.0008473,4.4e-06,1.7e-06
dataset/Random1000.txt,184949,0.0010064,0.0005034,2.7e-06,1.3e-06
dataset/Random1000.txt,185027,0.0025171,0.0012586,6.8e-06,3.2e-06
dataset/Random1000.txt,185131,0.0042194,0.0026398,1.18e-05,5.1e-06
dataset/Random1000.txt,185189,0.0019946,0.00098,5.2e-06,2.5e-06
dataset/Random1000.txt,185363,0.0025218,0.001261,6.7e-06,3.3e-06
dataset/Random1000.txt,185831,0.0025444,0.0013306,6.8e-06,3.2e-06
dataset/Random1000.txt,186103,0.0026923,0.0012661,7.3e-06,3.4e-06
dataset/Random1000.txt,186113,0.0031223,0.0012539,8.3e-06,3.1e-06
dataset/Random1000.txt,186917,0.0010171,0.0005086,2.7e-06,1.3e-06
dataset/Random1000.txt,187003,0.0015615,0.0005566,3.3e-06,1.5e-06
dataset/Random1000.txt,187067,0.0010693,0.000524,2.8e-06,1.3e-06
dataset/Random1000.txt,187651,0.0013799,0.0005107,3.1e-06,1.4e-06
dataset/Random1000.txt,187871,0.0010223,0.0005112,2.7e-06,1.3e-06
dataset/Random1000.txt,187927,0.0041173,0.001384,8.4e-06,3.5e-06
dataset/Random1000.txt,188261,0.0010244,0.0005123,2.7e-06,1.3e-06
dataset/Random1000.txt,188609,0.0015806,0.0014574,6.8e-06,2.7e-06
dataset/Random1000.txt,188701,0.0025671,0.0012836,6.8e-06,3.3e-06
dataset/Random1000.txt,189349,0.0043847,0.0012276,8.3e-06,3.2e-06
dataset/Random1000.txt,189463,0.0012027,0.0006015,3.2e-06,1.5e-06
dataset/Random1000.txt,189887,0.0012055,0.0006028,3.1e-06,1.5e-06
dataset/Random1000.txt,189947,0.003635,0.0012922,8.7e-06,3.5e-06
dataset/Random1000.txt,190357,0.0010358,0.0005179,2.7e-06,1.3e-06
dataset/Random1000.txt,190717,0.0029042,0.0011109,6.5e-06,2.5e-06
dataset/Random1000.txt,190909,0.0014544,0.0007273,3.8e-06,1.9e-06
dataset/Random1000.txt,190921,0.001039,0.0005721,2.8e-06,1.3e-06
dataset/Random1000.txt,191953,0.0010445,0.0005224,2.8e-06,1.3e-06
dataset/Random1000.txt,192587,0.0016826,0.0008337,4.5e-06,2.1e-06
dataset/Random1000.txt,193597,0.0013336,0.000574,3.1e-06,1.4e-06
dataset/Random1000.txt,193663,0.0035407,0.0011471,6.6e-06,2.7e-06
dataset/Random1000.txt,193793,0.0026924,0.0017579,1.31e-05,3.8e-06
dataset/Random1000.txt,193937,0.0010553,0.0005277,2.7e-06,1.3e-06
dataset/Random1000.txt,194309,0.0026023,0.0012852,7.1e-06,3.3e-06
dataset/Random1000.txt,196379,0.0012766,0.0006036,3.1e-06,1.5e-06
dataset/Random1000.txt,197599,0.0030145,0.0013987,8.1e-06,3.4e-06
dataset/Random1000.txt,197963,0.0010772,0.0005387,2.8e-06,1.4e-06
dataset/Random1000.txt,199403,0.001085,0.0005426,2.8e-06,1.3e-06
dataset/Random1000.txt,199499,0.0028361,0.0013572,7.6e-06,3.4e-06
dataset/Random1000.txt,199783,0.0029648,0.0014009,8e-06,3.5e-06
dataset/Random1000.txt,200029,0.0011444,0.0005443,2.8e-06,1.3e-06
dataset/Random1000.txt,200723,0.0031977,0.0013707,7.5e-06,3.4e-06
dataset/Random1000.txt,200881,0.0027329,0.0013665,7.1e-06,3.3e-06
dataset/Random1000.txt,200899,0.0013665,0.0007192,3.5e-06,1.7e-06
dataset/Random1000.txt,200987,0.0013671,0.0006835,3.5e-06,1.7e-06
dataset/Random1000.txt,201101,0.0028181,0.0013679,7.1e-06,3.4e-06
dataset/Random1000.txt,201203,0.0017355,0.0013192,7.7e-06,3.3e-06
dataset/Random1000.txt,201847,0.002024,0.0011326,4.9e-06,2.2e-06
dataset/Random1000.txt,202129,0.0015249,0.0006859,3.9e-06,1.7e-06
dataset/Random1000.txt,202231,0.0027883,0.000767,4.5e-06,1.6e-06
dataset/Random1000.txt,202549,0.0016772,0.0008388,4.2e-06,2.1e-06
dataset/Random1000.txt,203579,0.0053841,0.0016837,8.5e-06,3.5e-06
dataset/Random1000.txt,204101,0.0013298,0.0005776,3.2e-06,1.4e-06
dataset/Random1000.txt,205151,0.0011163,0.0005582,2.8e-06,1.3e-06
dataset/Random1000.txt,206249,0.0020674,0.001197,5.2e-06,2.5e-06
dataset/Random1000.txt,206933,0.0038163,0.0014733,8.9e-06,3.6e-06
dataset/Random1000.txt,207343,0.0057664,0.0020128,8.6e-06,3.7e-06
dataset/Random1000.txt,207797,0.0017334,0.0008604,4.4e-06,2.1e-06
dataset/Random1000.txt,207869,0.0012546,0.0005657,2.9e-06,1.4e-06
dataset/Random1000.txt,208277,0.0030359,0.0014168,8.1e-06,3.5e-06
dataset/Random1000.txt,209021,0.0018807,0.0008999,5.6e-06,2.1e-06
dataset/Random1000.txt,210209,0.0011438,0.0005719,2.9e-06,1.3e-06
dataset/Random1000.txt,212281,0.0028878,0.0014443,7.2e-06,3.4e-06
dataset/Random1000.txt,212801,0.0011579,0.0008982,3.3e-06,1.4e-06
dataset/Random1000.txt,213611,0.0014557,0.0008111,4.4e-06,2e-06
dataset/Random1000.txt,213713,0.0014785,0.0007325,3.7e-06,1.8e-06
dataset/Random1000.txt,213821,0.0011635,0.0005818,2.8e-06,1.4e-06
dataset/Random1000.txt,214219,0.0016305,0.000816,4.5e-06,2e-06
dataset/Random1000.txt,214639,0.0012379,0.0006322,2.9e-06,1.4e-06
dataset/Random1000.txt,214831,0.001169,0.0005845,2.9e-06,1.4e-06
dataset/Random1000.txt,215077,0.0056313,0.0019672,8.9e-06,3.7e-06
dataset/Random1000.txt,215273,0.0013638,0.0006447,3.1e-06,1.4e-06
dataset/Random1000.txt,215689,0.0029344,0.0014671,7.2e-06,3.5e-06
dataset/Random1000.txt,216523,0.0021044,0.0007123,4.7e-06,1.7e-06
dataset/Random1000.txt,217363,0.0011828,0.0005914,2.9e-06,1.4e-06
dataset/Random1000.txt,218171,0.0015182,0.0007236,4.8e-06,2.2e-06
dataset/Random1000.txt,218287,0.0011878,0.0009321,8.3e-06,2.1e-06
dataset/Random1000.txt,218363,0.0029706,0.0023882,1.29e-05,6.5e-06
dataset/Random1000.txt,219451,0.0022184,0.0010555,6.4e-06,2.6e-06
dataset/Random1000.txt,219517,0.0011945,0.0007531,4.9e-06,1.96e-05
dataset/Random1000.txt,219629,0.0014804,0.0006587,3.3e-06,1.4e-06
dataset/Random1000.txt,220147,0.0029949,0.0017119,8.2e-06,3.6e-06
dataset/Random1000.txt,221497,0.0012064,0.0013249,5.5e-06,2.2e-06
dataset/Random1000.txt,221747,0.0012066,0.0006033,2.9e-06,1.4e-06
dataset/Random1000.txt,222779,0.0012123,0.0006062,2.9e-06,1.4e-06
dataset/Random1000.txt,223319,0.003038,0.001519,7.3e-06,3.5e-06
dataset/Random1000.txt,223679,0.0012172,0.0006088,2.9e-06,1.4e-06
dataset/Random1000.txt,224501,0.0019487,0.0009718,4.7e-06,2.3e-06
dataset/Random1000.txt,225133,0.0034602,0.0035811,8.2e-06,3.4e-06
dataset/Random1000.txt,225371,0.0021836,0.0010363,4.5e-06,2.2e-06
dataset/Random1000.txt,226183,0.0032908,0.0040481,8.8e-06,3.8e-06
dataset/Random1000.txt,226451,0.0031544,0.0014378,7.7e-06,3.5e-06
dataset/Random1000.txt,227153,0.0012361,0.000618,3e-06,1.4e-06
dataset/Random1000.txt,227267,0.0037944,0.0015572,8.8e-06,3.7e-06
dataset/Random1000.txt,227951,0.0020931,0.0009868,5.1e-06,2.3e-06
dataset/Random1000.txt,228131,0.0028965,0.0014484,6.9e-06,3.4e-06
dataset/Random1000.txt,228521,0.0034914,0.0023936,1.42e-05,6.2e-06
dataset/Random1000.txt,228523,0.0029769,0.0014576,7.6e-06,3.5e-06
dataset/Random1000.txt,229309,0.0016922,0.0008399,4e-06,2e-06
dataset/Random1000.txt,229813,0.0013677,0.0006839,3.3e-06,1.6e-06
dataset/Random1000.txt,229897,0.0031275,0.0016461,7.5e-06,3.7e-06
dataset/Random1000.txt,230137,0.00403,0.0026252,9e-06,3.7e-06
dataset/Random1000.txt,231017,0.0031427,0.0019118,8.3e-06,3.7e-06
dataset/Random1000.txt,231067,0.002958,0.0014774,7.1e-06,3.4e-06
dataset/Random1000.txt,231241,0.0018435,0.0008231,3.7e-06,1.5e-06
dataset/Random1000.txt,231493,0.0014752,0.0007596,3.5e-06,1.6e-06
dataset/Random1000.txt,233069,0.0017072,0.000961,1.45e-05,2.2e-06
dataset/Random1000.txt,233341,0.0012697,0.0006349,3e-06,1.4e-06
dataset/Random1000.txt,234259,0.0048483,0.0015936,9.1e-06,3.8e-06
dataset/Random1000.txt,234331,0.0015939,0.000797,3.7e-06,1.8e-06
dataset/Random1000.txt,234383,0.00338,0.0016084,8.4e-06,3.7e-06
dataset/Random1000.txt,234863,0.0021605,0.0010053,5e-06,2.2e-06
dataset/Random1000.txt,234967,0.0033862,0.0015998,9e-06,3.7e-06
dataset/Random1000.txt,235369,0.0032018,0.0024571,1.5e-05,6.4e-06
dataset/Random1000.txt,235997,0.0026214,0.0022158,4.7e-06,1.9e-06
dataset/Random1000.txt,236087,0.0018734,0.0010055,4.8e-06,2.2e-06
dataset/Random1000.txt,236699,0.001288,0.0006441,3e-06,1.5e-06
dataset/Random1000.txt,236723,0.001326,0.0009153,3.4e-06,1.5e-06
dataset/Random1000.txt,237409,0.0021769,0.0012931,5.6e-06,2.1e-06
dataset/Random1000.txt,238181,0.0017092,0.000936,4.5e-06,2e-06
dataset/Random1000.txt,239333,0.0015667,0.0014516,8.8e-06,3.5e-06
dataset/Random1000.txt,239587,0.0013037,0.0006519,3e-06,1.4e-06
dataset/Random1000.txt,240139,0.002407,0.0013503,9.6e-06,4e-06
dataset/Random1000.txt,240473,0.003287,0.0016358,7.6e-06,3.6e-06
dataset/Random1000.txt,240943,0.0059879,0.0015644,9.7e-06,3.3e-06
dataset/Random1000.txt,242551,0.0030797,0.0015401,7.1e-06,3.3e-06
dataset/Random1000.txt,243889,0.0037257,0.0016591,8.5e-06,3.9e-06
dataset/Random1000.txt,244423,0.00133,0.000665,3e-06,1.4e-06
dataset/Random1000.txt,244747,0.0033809,0.0016649,8.1e-06,3.9e-06
dataset/Random1000.txt,244997,0.0013331,0.0006666,3.1e-06,1.5e-06
dataset/Random1000.txt,245593,0.0033552,0.0017007,7.8e-06,3.8e-06
dataset/Random1000.txt,245683,0.0022232,0.0009773,4.5e-06,1.7e-06
dataset/Random1000.txt,245981,0.0018018,0.0021231,5.1e-06,2.1e-06
dataset/Random1000.txt,246187,0.0050183,0.0017448,9.1e-06,3.8e-06
dataset/Random1000.txt,246661,0.0015684,0.0007323,3.3e-06,1.5e-06
dataset/Random1000.txt,246907,0.0016783,0.0008479,4e-06,1.9e-06
dataset/Random1000.txt,246941,0.0019234,0.0008297,4.1e-06,1.8e-06
dataset/Random1000.txt,247001,0.0015233,0.000735,3.4e-06,1.6e-06
dataset/Random1000.txt,247633,0.0021559,0.0010346,5.3e-06,2.3e-06
dataset/Random1000.txt,247813,0.0013485,0.0006743,3e-06,1.4e-06
dataset/Random1000.txt,248117,0.0021133,0.0010273,5.6e-06,2.3e-06
dataset/Random1000.txt,248441,0.0036502,0.0017408,9.1e-06,4e-06
dataset/Random1000.txt,249211,0.0014195,0.0006782,3.1e-06,1.4e-06
dataset/Random1000.txt,249533,0.0019801,0.0009902,4.5e-06,2.1e-06
dataset/Random1000.txt,249671,0.0013586,0.0006793,3.1e-06,1.5e-06
dataset/Random1000.txt,249943,0.0014818,0.0007,3.2e-06,1.6e-06
dataset/Random1000.txt,249971,0.0013601,0.0006802,3.1e-06,1.5e-06
dataset/Random1000.txt,250027,0.0013605,0.0009424,3.3e-06,1.5e-06
dataset/Random1000.txt,250433,0.002168,0.0010841,5e-06,2.4e-06
dataset/Random1000.txt,250703,0.0013642,0.0006822,3.1e-06,1.5e-06
dataset/Random1000.txt,250777,0.0039376,0.0021625,9.3e-06,4.2e-06
dataset/Random1000.txt,250949,0.0036278,0.0017071,8.4e-06,3.8e-06
dataset/Random1000.txt,251003,0.0034403,0.0017074,7.9e-06,3.8e-06
dataset/Random1000.txt,251179,0.0034991,0.0017086,8.4e-06,3.8e-06
dataset/Random1000.txt,251233,0.0034177,0.0021599,8.7e-06,3.8e-06
dataset/Random1000.txt,251287,0.0013673,0.0006838,3.1e-06,1.5e-06
dataset/Random1000.txt,251387,0.002394,0.001197,5.5e-06,2.6e-06
dataset/Random1000.txt,251887,0.0038242,0.0017135,8.5e-06,3.9e-06
dataset/Random1000.txt,252767,0.0016272,0.0007544,3.3e-06,1.5e-06
dataset/Random1000.txt,252893,0.00258,0.0007109,3.4e-06,1.5e-06
dataset/Random1000.txt,253349,0.0023266,0.0013534,4.7e-06,1.9e-06
dataset/Random1000.txt,253387,0.0044064,0.0017237,9.6e-06,3.9e-06
dataset/Random1000.txt,253493,0.0020867,0.0010496,5.2e-06,2.4e-06
dataset/Random1000.txt,253501,0.0013794,0.0006897,3.1e-06,1.5e-06
dataset/Random1000.txt,253789,0.0014752,0.0007087,3.2e-06,1.5e-06
dataset/Random1000.txt,254027,0.0013822,0.0006912,3.1e-06,1.5e-06
dataset/Random1000.txt,254407,0.0019381,0.0009691,4.4e-06,2.1e-06
dataset/Random1000.txt,254627,0.0015381,0.0011243,4.1e-06,1.7e-06
dataset/Random1000.txt,254773,0.0060242,0.0017343,9.7e-06,3.9e-06
dataset/Random1000.txt,255313,0.0014518,0.0006947,3.2e-06,1.5e-06
dataset/Random1000.txt,255859,0.0014332,0.0007166,3.2e-06,1.5e-06
dataset/Random1000.txt,256337,0.0036783,0.0017437,8.5e-06,3.9e-06
dataset/Random1000.txt,256877,0.0023557,0.000699,3.4e-06,1.6e-06
dataset/Random1000.txt,257311,0.0014002,0.0007001,3.2e-06,1.5e-06
dataset/Random1000.txt,257381,0.0015063,0.0007003,3.2e-06,1.6e-06
dataset/Random1000.txt,257539,0.0038376,0.0017566,8.7e-06,3.9e-06
dataset/Random1000.txt,258241,0.00146,0.0007026,3.1e-06,1.5e-06
dataset/Random1000.txt,258563,0.0014069,0.0007035,3.2e-06,1.4e-06
dataset/Random1000.txt,258677,0.0014386,0.0010055,3.9e-06,1.6e-06
dataset/Random1000.txt,258967,0.0019317,0.0009139,4.9e-06,2e-06
dataset/Random1000.txt,259387,0.00247,0.0012351,5.5e-06,2.6e-06
dataset/Random1000.txt,259421,0.0055157,0.001986,9.6e-06,6.6e-06
dataset/Random1000.txt,260419,0.0017808,0.0008563,4e-06,2e-06
dataset/Random1000.txt,260671,0.0014184,0.0007093,3.2e-06,1.5e-06
dataset/Random1000.txt,260761,0.0035473,0.0035876,9.3e-06,3.9e-06
dataset/Random1000.txt,261467,0.0035569,0.0021311,8.8e-06,3.8e-06
dataset/Random1000.txt,261523,0.0018889,0.0009962,4.6e-06,2.2e-06
dataset/Random1000.txt,261587,0.0035585,0.002264,9.6e-06,3.9e-06
dataset/Random1000.txt,262111,0.0015127,0.0007563,3.4e-06,1.6e-06
dataset/Random1000.txt,262193,0.0016923,0.0007982,4e-06,1.9e-06
dataset/Random1000.txt,263047,0.0016472,0.000808,3.6e-06,1.7e-06
dataset/Random1000.txt,263183,0.0016066,0.00073,3.4e-06,1.6e-06
dataset/Random1000.txt,263267,0.0035813,0.0017909,8e-06,3.8e-06
dataset/Random1000.txt,263401,0.0014754,0.0007766,3.3e-06,1.6e-06
dataset/Random1000.txt,263867,0.0034876,0.0018213,8e-06,3.6e-06
dataset/Random1000.txt,263899,0.0033935,0.001645,8.5e-06,3.7e-06
dataset/Random1000.txt,263927,0.0014361,0.0007182,3.2e-06,1.5e-06
dataset/Random1000.txt,264211,0.0031006,0.0015162,7e-06,3.2e-06
dataset/Random1000.txt,264559,0.0016101,0.0007662,3.4e-06,1.6e-06
dataset/Random1000.txt,264829,0.0026545,0.0014597,6.4e-06,2.9e-06
dataset/Random1000.txt,264977,0.0024219,0.0017343,8.5e-06,4e-06
dataset/Random1000.txt,266023,0.0051366,0.0018371,9.5e-06,4e-06
dataset/Random1000.txt,266477,0.002909,0.0011483,5.4e-06,2.5e-06
dataset/Random1000.txt,266681,0.0024056,0.0011544,5.9e-06,2.5e-06
dataset/Random1000.txt,266689,0.0035427,0.0016934,8.1e-06,3.6e-06
dataset/Random1000.txt,266711,0.0044872,0.0017714,9.6e-06,4e-06
dataset/Random1000.txt,267401,0.0028774,0.000895,1.11e-05,1.9e-06
dataset/Random1000.txt,267901,0.0014578,0.0007289,3.2e-06,1.5e-06
dataset/Random1000.txt,268271,0.0016481,0.0008453,4e-06,1.9e-06
dataset/Random1000.txt,268517,0.0031648,0.0008194,4.6e-06,1.8e-06
dataset/Random1000.txt,269617,0.0040357,0.0018341,8.9e-06,4e-06
dataset/Random1000.txt,270437,0.0015608,0.0007804,3.5e-06,1.6e-06
dataset/Random1000.txt,270539,0.0037266,0.0018403,8.2e-06,3.9e-06
dataset/Random1000.txt,271067,0.0035491,0.001721,8e-06,3.7e-06
dataset/Random1000.txt,272009,0.0037004,0.0018502,8e-06,3.8e-06
dataset/Random1000.txt,272059,0.0048767,0.0035212,9.6e-06,4e-06
dataset/Random1000.txt,273001,0.002442,0.0011818,5.5e-06,2.6e-06
dataset/Random1000.txt,273719,0.0014894,0.0007447,3.2e-06,1.5e-06
dataset/Random1000.txt,273929,0.004736,0.0021905,9.9e-06,4e-06
dataset/Random1000.txt,275719,0.0020196,0.0009251,3.8e-06,1.9e-06
dataset/Random1000.txt,275741,0.0015004,0.0007503,3.2e-06,1.6e-06
dataset/Random1000.txt,276401,0.0036268,0.0017548,8.2e-06,3.8e-06
dataset/Random1000.txt,277051,0.0054601,0.0018847,9.6e-06,4.1e-06
dataset/Random1000.txt,277099,0.0020297,0.0009112,3.9e-06,1.8e-06
dataset/Random1000.txt,277691,0.0029622,0.0010992,5.4e-06,2.1e-06
dataset/Random1000.txt,278753,0.0015168,0.0011566,8.4e-06,3.4e-06
dataset/Random1000.txt,279583,0.0053787,0.0019021,9.8e-06,4.2e-06
dataset/Random1000.txt,279641,0.0015684,0.0007608,3.3e-06,1.6e-06
dataset/Random1000.txt,280297,0.002384,0.0012021,5.3e-06,2.4e-06
dataset/Random1000.txt,280507,0.0019156,0.000954,4.2e-06,2e-06
dataset/Random1000.txt,280591,0.002429,0.001328,5.6e-06,2.5e-06
dataset/Random1000.txt,280957,0.0056659,0.0019112,9.3e-06,4e-06
dataset/Random1000.txt,281159,0.0015299,0.000765,3.3e-06,1.6e-06
dataset/Random1000.txt,281893,0.0040371,0.0019264,9.4e-06,3.9e-06
dataset/Random1000.txt,283181,0.0054713,0.002,1.21e-05,4.1e-06
dataset/Random1000.txt,283573,0.0034103,0.0010388,5.3e-06,2.2e-06
dataset/Random1000.txt,283607,0.0062993,0.002324,1.01e-05,4.2e-06
dataset/Random1000.txt,283763,0.003807,0.0018016,8.4e-06,3.7e-06
dataset/Random1000.txt,283771,0.0016889,0.0008446,3.6e-06,1.7e-06
dataset/Random1000.txt,284387,0.0017122,0.0008435,3.5e-06,1.7e-06
dataset/Random1000.txt,284521,0.0029549,0.0014261,6.5e-06,3e-06
dataset/Random1000.txt,284803,0.0026382,0.0009184,4.8e-06,1.8e-06
dataset/Random1000.txt,285473,0.0020243,0.0009499,4.6e-06,2e-06
dataset/Random1000.txt,286019,0.0015563,0.0007783,3.4e-06,1.5e-06
dataset/Random1000.txt,286469,0.0015587,0.0007794,3.3e-06,1.6e-06
dataset/Random1000.txt,286763,0.0039283,0.0019509,8.4e-06,4e-06
dataset/Random1000.txt,286771,0.0039602,0.0019976,8.5e-06,4e-06
dataset/Random1000.txt,288049,0.0032269,0.0016135,6.8e-06,3.3e-06
dataset/Random1000.txt,289577,0.0026329,0.0008896,4.6e-06,1.8e-06
dataset/Random1000.txt,290033,0.0054528,0.001973,1.01e-05,4.3e-06
dataset/Random1000.txt,290623,0.0015815,0.001079,8.4e-06,4.2e-06
dataset/Random1000.txt,290987,0.0030096,0.0014773,7e-06,3e-06
dataset/Random1000.txt,291349,0.0015854,0.0013356,5.9e-06,2.5e-06
dataset/Random1000.txt,291677,0.0073406,0.0032765,1.61e-05,6.8e-06
dataset/Random1000.txt,292801,0.0015933,0.0009162,7.3e-06,3.6e-06
dataset/Random1000.txt,293467,0.0040188,0.0019962,8.4e-06,4e-06
dataset/Random1000.txt,293599,0.0041255,0.0019971,9.3e-06,4.2e-06
dataset/Random1000.txt,293717,0.0029564,0.0014722,6.2e-06,3e-06
dataset/Random1000.txt,294059,0.0020068,0.0010001,4.3e-06,2e-06
dataset/Random1000.txt,294673,0.0048133,0.001876,9.5e-06,3.9e-06
dataset/Random1000.txt,295111,0.002378,0.0010928,4.7e-06,2e-06
dataset/Random1000.txt,295433,0.004019,0.0020097,8.3e-06,3.9e-06
dataset/Random1000.txt,295903,0.0019433,0.001013,4.4e-06,2e-06
dataset/Random1000.txt,297161,0.0020187,0.0008576,3.8e-06,1.7e-06
dataset/Random1000.txt,297263,0.0040438,0.002022,8.5e-06,4e-06
dataset/Random1000.txt,297377,0.0055994,0.0020229,1.03e-05,4.3e-06
dataset/Random1000.txt,297421,0.0022658,0.0011329,4.7e-06,2.3e-06
dataset/Random1000.txt,299087,0.0028602,0.0014241,6.8e-06,3e-06
dataset/Random1000.txt,300683,0.0032672,0.0013016,6.9e-06,2.6e-06
dataset/Random1000.txt,301333,0.0041412,0.003314,9.3e-06,3.9e-06
dataset/Random1000.txt,301577,0.0022072,0.0010987,4.8e-06,2.1e-06
dataset/Random1000.txt,302123,0.0032965,0.0013881,5.7e-06,2.3e-06
dataset/Random1000.txt,302167,0.0020614,0.0011227,4.8e-06,2e-06
dataset/Random1000.txt,302173,0.002971,0.0014439,6.4e-06,2.9e-06
dataset/Random1000.txt,302711,0.0020257,0.0010333,4.3e-06,2e-06
dataset/Random1000.txt,303157,0.0017504,0.0010897,3.7e-06,1.7e-06
dataset/Random1000.txt,303287,0.0043376,0.0040266,1.02e-05,4.1e-06
dataset/Random1000.txt,303689,0.0017585,0.0008265,3.4e-06,1.6e-06
dataset/Random1000.txt,303749,0.0036829,0.0013824,6.2e-06,2.4e-06
dataset/Random1000.txt,303767,0.0020112,0.0010008,4.2e-06,2e-06
dataset/Random1000.txt,305029,0.0026366,0.000996,4.8e-06,2.1e-06
dataset/Random1000.txt,305377,0.0018175,0.0009401,3.7e-06,1.8e-06
dataset/Random1000.txt,306517,0.0025462,0.0010481,5.6e-06,2.3e-06
dataset/Random1000.txt,307259,0.0034135,0.0011724,4.8e-06,1.9e-06
dataset/Random1000.txt,307381,0.0018053,0.0008609,3.7e-06,1.6e-06
dataset/Random1000.txt,307399,0.0017279,0.0008365,3.5e-06,1.6e-06
dataset/Random1000.txt,307733,0.0041862,0.0032194,1.02e-05,4.2e-06
dataset/Random1000.txt,307759,0.0031734,0.0014789,4.4e-06,1.7e-06
dataset/Random1000.txt,308017,0.0031586,0.0019128,8.4e-06,3.8e-06
dataset/Random1000.txt,308311,0.0016776,0.0008389,3.5e-06,1.7e-06
dataset/Random1000.txt,308527,0.002938,0.0014857,7.1e-06,3.4e-06
dataset/Random1000.txt,308701,0.002607,0.0012971,5.4e-06,2.5e-06
dataset/Random1000.txt,309367,0.0034714,0.0030717,8.3e-06,2.7e-06
dataset/Random1000.txt,309437,0.0018011,0.0009488,3.5e-06,1.7e-06
dataset/Random1000.txt,309559,0.0034679,0.0017341,7e-06,3.4e-06
dataset/Random1000.txt,310111,0.0042186,0.0035926,1.66e-05,7e-06
dataset/Random1000.txt,310781,0.0021215,0.0013169,8e-06,2.3e-06
dataset/Random1000.txt,311609,0.0025802,0.0012902,5.2e-06,2.5e-06
dataset/Random1000.txt,311687,0.0042401,0.0023958,9.7e-06,4.2e-06
dataset/Random1000.txt,312283,0.0016993,0.0009316,2.23e-05,3.9e-06
dataset/Random1000.txt,312397,0.0042583,0.0024747,1.73e-05,7.6e-06
dataset/Random1000.txt,312937,0.0018072,0.0008515,3.5e-06,1.6e-06
dataset/Random1000.txt,313741,0.004268,0.0021342,8.7e-06,4.1e-06
dataset/Random1000.txt,314159,0.0026642,0.001071,4.8e-06,2.1e-06
dataset/Random1000.txt,314213,0.0042744,0.0022632,9.6e-06,4.3e-06
dataset/Random1000.txt,314603,0.0053402,0.0027948,1.02e-05,4.4e-06
dataset/Random1000.txt,315467,0.002252,0.0011176,4.5e-06,2.2e-06
dataset/Random1000.txt,315703,0.0020792,0.0009699,4e-06,1.9e-06
dataset/Random1000.txt,315857,0.00245,0.0011556,4.7e-06,2.4e-06
dataset/Random1000.txt,315961,0.0018472,0.0009087,3.5e-06,1.7e-06
dataset/Random1000.txt,317453,0.0017274,0.0008638,3.4e-06,1.6e-06
dataset/Random1000.txt,317969,0.0024478,0.0025991,5.4e-06,2.1e-06
dataset/Random1000.txt,318107,0.0040388,0.0022759,8.7e-06,3.9e-06
dataset/Random1000.txt,319993,0.0017413,0.000902,3.5e-06,1.6e-06
dataset/Random1000.txt,320213,0.0021525,0.0010525,4.3e-06,2e-06
dataset/Random1000.txt,320219,0.0043561,0.0026155,1.38e-05,6.1e-06
dataset/Random1000.txt,320293,0.0018389,0.0010351,3.7e-06,1.7e-06
dataset/Random1000.txt,320767,0.0067317,0.0024003,1.65e-05,4.4e-06
dataset/Random1000.txt,320939,0.0041386,0.0022611,6.9e-06,2.7e-06
dataset/Random1000.txt,321109,0.0022421,0.0008994,4.1e-06,1.8e-06
dataset/Random1000.txt,321619,0.0047885,0.0022152,9.9e-06,4.4e-06
dataset/Random1000.txt,322139,0.0019172,0.0009587,3.8e-06,1.8e-06
dataset/Random1000.txt,322249,0.0032301,0.0016151,6.4e-06,3e-06
dataset/Random1000.txt,322433,0.0053244,0.0037684,9.7e-06,4e-06
dataset/Random1000.txt,322969,0.001809,0.0009046,3.6e-06,1.7e-06
dataset/Random1000.txt,322999,0.0018635,0.0009069,3.5e-06,1.6e-06
dataset/Random1000.txt,323003,0.0052805,0.0019465,8e-06,3.7e-06
dataset/Random1000.txt,324251,0.0017644,0.0008824,3.5e-06,1.6e-06
dataset/Random1000.txt,324301,0.0021734,0.0010962,4.3e-06,2.1e-06
dataset/Random1000.txt,324449,0.0023477,0.0015687,5.6e-06,2.1e-06
dataset/Random1000.txt,325463,0.0017709,0.0008856,3.5e-06,1.6e-06
dataset/Random1000.txt,325849,0.0026981,0.0013491,5.4e-06,2.5e-06
dataset/Random1000.txt,326101,0.0017744,0.0008873,3.5e-06,1.7e-06
dataset/Random1000.txt,326203,0.0036628,0.001584,6.1e-06,2.7e-06
dataset/Random1000.txt,327343,0.0022265,0.0011133,4.4e-06,2.1e-06
dataset/Random1000.txt,327571,0.0044562,0.0022283,8.8e-06,4.2e-06
dataset/Random1000.txt,327799,0.0019042,0.0009468,3.7e-06,1.7e-06
dataset/Random1000.txt,328127,0.0041662,0.0020838,8.3e-06,3.8e-06
dataset/Random1000.txt,328411,0.0018352,0.0008936,3.5e-06,1.7e-06
dataset/Random1000.txt,328621,0.0020895,0.0008941,3.8e-06,1.8e-06
dataset/Random1000.txt,328709,0.0018441,0.0008944,3.7e-06,1.6e-06
dataset/Random1000.txt,328813,0.0035593,0.0015656,6.9e-06,2.9e-06
dataset/Random1000.txt,328921,0.0046524,0.0022374,9.4e-06,4.5e-06
dataset/Random1000.txt,330037,0.0047067,0.0021168,1.04e-05,4.4e-06
dataset/Random1000.txt,330383,0.0017977,0.000948,1.41e-05,4.2e-06
dataset/Random1000.txt,330557,0.0045561,0.0037086,1.87e-05,8.6e-06
dataset/Random1000.txt,331609,0.0045464,0.0028553,1.03e-05,4.5e-06
dataset/Random1000.txt,331663,0.0036702,0.0019532,7.5e-06,3.4e-06
dataset/Random1000.txt,332009,0.0036554,0.0023501,1e-05,4.6e-06
dataset/Random1000.txt,332903,0.0047991,0.0026061,1.04e-05,4.4e-06
dataset/Random1000.txt,333679,0.0046137,0.0028774,2e-05,8.4e-06
dataset/Random1000.txt,333779,0.0020167,0.0011817,5.5e-06,2.4e-06
dataset/Random1000.txt,335171,0.0042769,0.0026861,9.4e-06,4e-06
dataset/Random1000.txt,336101,0.0022862,0.0011431,4.5e-06,2.1e-06
dataset/Random1000.txt,336527,0.0027207,0.0009156,4.4e-06,1.8e-06
dataset/Random1000.txt,337691,0.0019421,0.0009188,3.6e-06,1.7e-06
dataset/Random1000.txt,338389,0.0046033,0.0024868,9.7e-06,4.4e-06
dataset/Random1000.txt,338773,0.0047892,0.0023046,9.9e-06,4.4e-06
dataset/Random1000.txt,338959,0.0020099,0.0012996,4.3e-06,1.8e-06
dataset/Random1000.txt,339307,0.0035299,0.0019927,7.9e-06,3.6e-06
dataset/Random1000.txt,339653,0.0020215,0.0012706,8.2e-06,4e-06
dataset/Random1000.txt,339841,0.0018806,0.0009246,3.6e-06,1.7e-06
dataset/Random1000.txt,340129,0.00423,0.0021095,8.8e-06,4.1e-06
dataset/Random1000.txt,340387,0.0032367,0.0012967,5.9e-06,2.5e-06
dataset/Random1000.txt,340619,0.0018535,0.0009268,3.6e-06,1.7e-06
dataset/Random1000.txt,340859,0.0045075,0.0012799,5.6e-06,2.3e-06
dataset/Random1000.txt,341017,0.0019992,0.0009484,2.25e-05,2.3e-06
dataset/Random1000.txt,341333,0.0062355,0.0023219,1.04e-05,4.5e-06
dataset/Random1000.txt,341777,0.0018598,0.0009299,3.5e-06,1.7e-06
dataset/Random1000.txt,342373,0.0029737,0.0014804,4.9e-06,2.3e-06
dataset/Random1000.txt,342413,0.004658,0.0024768,9.7e-06,4.4e-06
dataset/Random1000.txt,342569,0.0018641,0.001181,5.7e-06,2.6e-06
dataset/Random1000.txt,342733,0.0023325,0.0018261,6.1e-06,2.4e-06
dataset/Random1000.txt,343177,0.0018673,0.0009337,3.6e-06,1.7e-06
dataset/Random1000.txt,343379,0.0047532,0.0023357,9.5e-06,4.5e-06
dataset/Random1000.txt,343631,0.0027934,0.0011486,5.6e-06,2.2e-06
dataset/Random1000.txt,344083,0.0027781,0.0014893,5.8e-06,2.7e-06
dataset/Random1000.txt,344167,0.0026396,0.0012606,5.2e-06,2.4e-06
dataset/Random1000.txt,344629,0.0082304,0.0025518,1.09e-05,4.5e-06
dataset/Random1000.txt,344639,0.0044512,0.0017472,7.4e-06,3.3e-06
dataset/Random1000.txt,345707,0.0048748,0.0027276,1.03e-05,4.4e-06
dataset/Random1000.txt,345727,0.0047032,0.0025331,1.68e-05,6.8e-06
dataset/Random1000.txt,345773,0.0029932,0.0014968,5.8e-06,2.8e-06
dataset/Random1000.txt,346469,0.0025804,0.0012433,4.7e-06,2.3e-06
dataset/Random1000.txt,346501,0.0018855,0.001707,1.07e-05,4.5e-06
dataset/Random1000.txt,346667,0.0034272,0.0011791,5.4e-06,2.3e-06
dataset/Random1000.txt,346793,0.0047176,0.002713,1e-05,4.4e-06
dataset/Random1000.txt,346831,0.0019539,0.0009437,3.6e-06,1.7e-06
dataset/Random1000.txt,347161,0.0036371,0.0013886,5.6e-06,2.1e-06
dataset/Random1000.txt,347177,0.0042819,0.0016532,7.8e-06,3.1e-06
dataset/Random1000.txt,347563,0.0022239,0.0009943,4.1e-06,1.8e-06
dataset/Random1000.txt,347591,0.0025461,0.0012732,4.9e-06,2.3e-06
dataset/Random1000.txt,347981,0.0021635,0.0009468,4e-06,1.8e-06
dataset/Random1000.txt,348911,0.0047863,0.0028628,1.04e-05,4.4e-06
dataset/Random1000.txt,349397,0.0040926,0.0017833,5.4e-06,2.2e-06
dataset/Random1000.txt,349553,0.0025857,0.0014684,6.3e-06,2.6e-06
dataset/Random1000.txt,349813,0.0048009,0.0023794,9.1e-06,4.3e-06
dataset/Random1000.txt,350443,0.0047672,0.0026502,1e-05,4.5e-06
dataset/Random1000.txt,350719,0.0023855,0.0011928,4.6e-06,2.1e-06
dataset/Random1000.txt,351851,0.0047866,0.0028135,1.71e-05,7.6e-06
dataset/Random1000.txt,352399,0.0050482,0.0028244,1.06e-05,4.6e-06
dataset/Random1000.txt,352459,0.0019179,0.0010834,3.8e-06,1.7e-06
dataset/Random1000.txt,352633,0.0023343,0.0010495,4.4e-06,2e-06
dataset/Random1000.txt,353471,0.0019234,0.0009617,3.7e-06,1.7e-06
dataset/Random1000.txt,353813,0.0019252,0.0009627,3.6e-06,1.7e-06
dataset/Random1000.txt,354463,0.0046126,0.0021042,8.9e-06,3.7e-06
dataset/Random1000.txt,354587,0.0051109,0.0029644,1.6e-05,7.2e-06
dataset/Random1000.txt,354877,0.0054349,0.0026115,1.07e-05,4.5e-06
dataset/Random1000.txt,355811,0.007452,0.0024468,1.08e-05,6.4e-06
dataset/Random1000.txt,356351,0.0052297,0.003212,1.01e-05,4.3e-06
dataset/Random1000.txt,356387,0.00308,0.0015539,6.3e-06,2.8e-06
dataset/Random1000.txt,356453,0.0045499,0.0025389,9.8e-06,4.5e-06
dataset/Random1000.txt,356933,0.0027893,0.0018328,5.6e-06,2.3e-06
dataset/Random1000.txt,356969,0.0020953,0.0010068,3.7e-06,1.8e-06
dataset/Random1000.txt,356999,0.0019425,0.0009713,3.7e-06,1.7e-06
dataset/Random1000.txt,359167,0.0021996,0.0010059,3.9e-06,1.8e-06
dataset/Random1000.txt,359267,0.0049814,0.002281,1.01e-05,4.2e-06
dataset/Random1000.txt,359483,0.0024305,0.0013403,4.5e-06,2e-06
dataset/Random1000.txt,359633,0.0097279,0.0066473,1.87e-05,8e-06
dataset/Random1000.txt,359701,0.0031139,0.0019525,6.7e-06,2.9e-06
dataset/Random1000.txt,361409,0.0020802,0.0009833,3.7e-06,1.7e-06
dataset/Random1000.txt,361643,0.0063533,0.0022043,9.3e-06,3.8e-06
dataset/Random1000.txt,362053,0.0032938,0.0011493,5.2e-06,2.2e-06
dataset/Random1000.txt,362381,0.002281,0.0012737,5.1e-06,2.3e-06
dataset/Random1000.txt,362459,0.0054308,0.0024655,1.01e-05,4.5e-06
dataset/Random1000.txt,362693,0.0019735,0.0009869,3.8e-06,1.7e-06
dataset/Random1000.txt,362717,0.0019737,0.0011388,1e-05,5.1e-06
dataset/Random1000.txt,363397,0.0023693,0.0010994,4.2e-06,1.8e-06
dataset/Random1000.txt,363463,0.0023866,0.001396,5e-06,2.1e-06
dataset/Random1000.txt,363683,0.0020722,0.0011084,3.8e-06,1.8e-06
dataset/Random1000.txt,364291,0.0065007,0.0025251,1.13e-05,4.5e-06
dataset/Random1000.txt,365983,0.0027953,0.0024916,6.9e-06,3e-06
dataset/Random1000.txt,366167,0.0041497,0.0037406,1.29e-05,6.1e-06
dataset/Random1000.txt,366419,0.0052966,0.0023398,1.02e-05,4.2e-06
dataset/Random1000.txt,366881,0.0059805,0.0025419,1e-05,4.3e-06
dataset/Random1000.txt,367201,0.002781,0.0017154,7.5e-06,3.2e-06
dataset/Random1000.txt,367229,0.0042929,0.0014418,7.2e-06,2.7e-06
dataset/Random1000.txt,368021,0.002532,0.0011683,4.7e-06,2.1e-06
dataset/Random1000.txt,368047,0.002129,0.0010014,3.9e-06,1.8e-06
dataset/Random1000.txt,368647,0.0036992,0.00188,6.9e-06,3.3e-06
dataset/Random1000.txt,368653,0.0027553,0.0014147,5.7e-06,2.6e-06
dataset/Random1000.txt,368801,0.0037393,0.0013739,5.7e-06,2.4e-06
dataset/Random1000.txt,370103,0.0056459,0.0028248,8.5e-06,3.3e-06
dataset/Random1000.txt,370441,0.0025184,0.001138,4.5e-06,2.1e-06
dataset/Random1000.txt,370687,0.0039364,0.0020221,7.2e-06,3.2e-06
dataset/Random1000.txt,370897,0.0126682,0.0526773,1.67e-05,8e-06
dataset/Random1000.txt,371179,0.0025461,0.0023365,6.4e-06,2.6e-06
dataset/Random1000.txt,371257,0.0020202,0.0010101,3.8e-06,1.8e-06
dataset/Random1000.txt,371447,0.0049955,0.0027223,1.01e-05,4.6e-06
dataset/Random1000.txt,372269,0.0036571,0.0010767,6.4e-06,3.3e-06
dataset/Random1000.txt,372443,0.0038476,0.001589,8.8e-06,4e-06
dataset/Random1000.txt,372833,0.0052177,0.0025511,1e-05,4.5e-06
dataset/Random1000.txt,372871,0.0032529,0.0014204,5.7e-06,2.6e-06
dataset/Random1000.txt,372901,0.0020603,0.0010146,3.7e-06,1.8e-06
dataset/Random1000.txt,373273,0.0058481,0.0047703,1.1e-05,4.6e-06
dataset/Random1000.txt,373459,0.0028054,0.0014225,5.7e-06,2.5e-06
dataset/Random1000.txt,374333,0.0022958,0.0011048,3.8e-06,1.8e-06
dataset/Random1000.txt,374531,0.0037141,0.0017833,7e-06,3.3e-06
dataset/Random1000.txt,375119,0.0020585,0.0010207,3.7e-06,1.7e-06
dataset/Random1000.txt,375281,0.002297,0.0010513,4e-06,1.9e-06
dataset/Random1000.txt,376529,0.0054313,0.0023285,1.15e-05,4.7e-06
dataset/Random1000.txt,376729,0.0038934,0.0019476,7.8e-06,3.4e-06
dataset/Random1000.txt,377801,0.0037436,0.0022834,7.9e-06,3.7e-06
dataset/Random1000.txt,378869,0.0053203,0.0034336,1.56e-05,7.9e-06
dataset/Random1000.txt,378883,0.0028496,0.0014845,6e-06,2.8e-06
dataset/Random1000.txt,379189,0.0060588,0.0035212,1.1e-05,4.7e-06
dataset/Random1000.txt,379451,0.0027952,0.0012851,4.5e-06,2.4e-06
dataset/Random1000.txt,380047,0.0050599,0.0024541,9.6e-06,4.4e-06
dataset/Random1000.txt,380383,0.005138,0.0025874,1.04e-05,4.7e-06
dataset/Random1000.txt,380623,0.0103452,0.0026464,1.12e-05,4.9e-06
dataset/Random1000.txt,380837,0.0068258,0.0025906,1.08e-05,4.6e-06
dataset/Random1000.txt,380843,0.0051762,0.0023206,1.46e-05,4.3e-06
dataset/Random1000.txt,381371,0.0021304,0.0010377,3.8e-06,1.8e-06
dataset/Random1000.txt,381761,0.002183,0.0010852,3.8e-06,1.9e-06
dataset/Random1000.txt,382493,0.0064356,0.0029453,1e-05,3.8e-06
dataset/Random1000.txt,383011,0.0020841,0.0011813,4e-06,1.8e-06
dataset/Random1000.txt,383627,0.0029225,0.0014613,5.4e-06,2.5e-06
dataset/Random1000.txt,383657,0.0053316,0.0049147,2.31e-05,0.000235
dataset/Random1000.txt,383839,0.0029022,0.0013538,5e-06,2.4e-06
dataset/Random1000.txt,384107,0.0026126,0.0014141,5.2e-06,2.4e-06
dataset/Random1000.txt,384143,0.0033255,0.0027984,7.4e-06,5.9e-06
dataset/Random1000.txt,384247,0.0033503,0.0013267,5.4e-06,2.2e-06
dataset/Random1000.txt,384889,0.0052359,0.0032587,1.1e-05,4.7e-06
dataset/Random1000.txt,385837,0.0021976,0.0010498,3.8e-06,1.8e-06
